"2017-11-01 0:00",10
"2017-11-01 1:00",6
"2017-11-01 2:00",4
"2017-11-01 3:00",12
"2017-11-01 4:00",24
"2017-11-01 5:00",5
"2017-11-01 6:00",13
"2017-11-01 7:00",38
"2017-11-01 8:00",481
"2017-11-01 9:00",386
"2017-11-01 10:00",480
"2017-11-01 11:00",283
"2017-11-01 12:00",283
"2017-11-01 13:00",209
"2017-11-01 14:00",204
"2017-11-01 15:00",147
"2017-11-01 16:00",109
"2017-11-01 17:00",88
"2017-11-01 18:00",51
"2017-11-01 19:00",44
"2017-11-01 20:00",31
"2017-11-01 21:00",12
"2017-11-01 22:00",17
"2017-11-01 23:00",16
"2017-11-02 0:00",12
"2017-11-02 1:00",5
"2017-11-02 2:00",5
"2017-11-02 3:00",7
"2017-11-02 4:00",32
"2017-11-02 5:00",3
"2017-11-02 6:00",12
"2017-11-02 7:00",36
"2017-11-02 8:00",461
"2017-11-02 9:00",360
"2017-11-02 10:00",373
"2017-11-02 11:00",237
"2017-11-02 12:00",254
"2017-11-02 13:00",209
"2017-11-02 14:00",160
"2017-11-02 15:00",156
"2017-11-02 16:00",119
"2017-11-02 17:00",79
"2017-11-02 18:00",49
"2017-11-02 19:00",29
"2017-11-02 20:00",28
"2017-11-02 21:00",16
"2017-11-02 22:00",11
"2017-11-02 23:00",14
"2017-11-03 0:00",6
"2017-11-03 1:00",5
"2017-11-03 2:00",4
"2017-11-03 3:00",7
"2017-11-03 4:00",25
"2017-11-03 5:00",4
"2017-11-03 6:00",8
"2017-11-03 7:00",17
"2017-11-03 8:00",44
"2017-11-03 9:00",93
"2017-11-03 10:00",94
"2017-11-03 11:00",87
"2017-11-03 12:00",104
"2017-11-03 13:00",83
"2017-11-03 14:00",77
"2017-11-03 15:00",75
"2017-11-03 16:00",55
"2017-11-03 17:00",37
"2017-11-03 18:00",38
"2017-11-03 19:00",16
"2017-11-03 20:00",16
"2017-11-03 21:00",7
"2017-11-03 22:00",10
"2017-11-03 23:00",6
"2017-11-04 0:00",7
"2017-11-04 1:00",7
"2017-11-04 2:00",6
"2017-11-04 3:00",6
"2017-11-04 4:00",22
"2017-11-04 5:00",1
"2017-11-04 6:00",9
"2017-11-04 7:00",8
"2017-11-04 8:00",32
"2017-11-04 9:00",62
"2017-11-04 10:00",62
"2017-11-04 11:00",58
"2017-11-04 12:00",69
"2017-11-04 13:00",81
"2017-11-04 14:00",59
"2017-11-04 15:00",56
"2017-11-04 16:00",40
"2017-11-04 17:00",29
"2017-11-04 18:00",30
"2017-11-04 19:00",16
"2017-11-04 20:00",17
"2017-11-04 21:00",5
"2017-11-04 22:00",5
"2017-11-04 23:00",2
"2017-11-05 0:00",6
"2017-11-05 1:00",4
"2017-11-05 2:00",4
"2017-11-05 3:00",5
"2017-11-05 4:00",27
"2017-11-05 5:00",2
"2017-11-05 6:00",5
"2017-11-05 7:00",4
"2017-11-05 8:00",18
"2017-11-05 9:00",25
"2017-11-05 10:00",43
"2017-11-05 11:00",46
"2017-11-05 12:00",66
"2017-11-05 13:00",62
"2017-11-05 14:00",53
"2017-11-05 15:00",56
"2017-11-05 16:00",44
"2017-11-05 17:00",32
"2017-11-05 18:00",11
"2017-11-05 19:00",9
"2017-11-05 20:00",9
"2017-11-05 21:00",9
"2017-11-05 22:00",1
"2017-11-05 23:00",3
"2017-11-06 0:00",3
"2017-11-06 1:00",8
"2017-11-06 2:00",4
"2017-11-06 3:00",11
"2017-11-06 4:00",33
"2017-11-06 5:00",1
"2017-11-06 6:00",13
"2017-11-06 7:00",56
"2017-11-06 8:00",472
"2017-11-06 9:00",373
"2017-11-06 10:00",494
"2017-11-06 11:00",245
"2017-11-06 12:00",298
"2017-11-06 13:00",249
"2017-11-06 14:00",176
"2017-11-06 15:00",133
"2017-11-06 16:00",104
"2017-11-06 17:00",73
"2017-11-06 18:00",51
"2017-11-06 19:00",24
"2017-11-06 20:00",32
"2017-11-06 21:00",10
"2017-11-06 22:00",14
"2017-11-06 23:00",10
"2017-11-07 0:00",16
"2017-11-07 1:00",8
"2017-11-07 2:00",11
"2017-11-07 3:00",11
"2017-11-07 4:00",29
"2017-11-07 5:00",2
"2017-11-07 6:00",16
"2017-11-07 7:00",47
"2017-11-07 8:00",482
"2017-11-07 9:00",386
"2017-11-07 10:00",435
"2017-11-07 11:00",290
"2017-11-07 12:00",318
"2017-11-07 13:00",245
"2017-11-07 14:00",215
"2017-11-07 15:00",137
"2017-11-07 16:00",107
"2017-11-07 17:00",71
"2017-11-07 18:00",62
"2017-11-07 19:00",40
"2017-11-07 20:00",24
"2017-11-07 21:00",17
"2017-11-07 22:00",15
"2017-11-07 23:00",6
"2017-11-08 0:00",8
"2017-11-08 1:00",6
"2017-11-08 2:00",5
"2017-11-08 3:00",9
"2017-11-08 4:00",31
"2017-11-08 5:00",3
"2017-11-08 6:00",11
"2017-11-08 7:00",43
"2017-11-08 8:00",415
"2017-11-08 9:00",384
"2017-11-08 10:00",465
"2017-11-08 11:00",279
"2017-11-08 12:00",313
"2017-11-08 13:00",246
"2017-11-08 14:00",159
"2017-11-08 15:00",132
"2017-11-08 16:00",128
"2017-11-08 17:00",72
"2017-11-08 18:00",57
"2017-11-08 19:00",43
"2017-11-08 20:00",29
"2017-11-08 21:00",21
"2017-11-08 22:00",14
"2017-11-08 23:00",9
"2017-11-09 0:00",15
"2017-11-09 1:00",14
"2017-11-09 2:00",5
"2017-11-09 3:00",12
"2017-11-09 4:00",28
"2017-11-09 5:00",1
"2017-11-09 6:00",15
"2017-11-09 7:00",45
"2017-11-09 8:00",487
"2017-11-09 9:00",417
"2017-11-09 10:00",472
"2017-11-09 11:00",254
"2017-11-09 12:00",329
"2017-11-09 13:00",243
"2017-11-09 14:00",195
"2017-11-09 15:00",141
"2017-11-09 16:00",128
"2017-11-09 17:00",58
"2017-11-09 18:00",48
"2017-11-09 19:00",34
"2017-11-09 20:00",41
"2017-11-09 21:00",28
"2017-11-09 22:00",14
"2017-11-09 23:00",13
"2017-11-10 0:00",16
"2017-11-10 1:00",13
"2017-11-10 2:00",9
"2017-11-10 3:00",18
"2017-11-10 4:00",27
"2017-11-10 5:00",11
"2017-11-10 6:00",5
"2017-11-10 7:00",39
"2017-11-10 8:00",461
"2017-11-10 9:00",381
"2017-11-10 10:00",440
"2017-11-10 11:00",275
"2017-11-10 12:00",319
"2017-11-10 13:00",195
"2017-11-10 14:00",197
"2017-11-10 15:00",139
"2017-11-10 16:00",121
"2017-11-10 17:00",84
"2017-11-10 18:00",66
"2017-11-10 19:00",32
"2017-11-10 20:00",20
"2017-11-10 21:00",6
"2017-11-10 22:00",11
"2017-11-10 23:00",13
"2017-11-11 0:00",11
"2017-11-11 1:00",3
"2017-11-11 2:00",3
"2017-11-11 3:00",9
"2017-11-11 4:00",36
"2017-11-11 5:00",2
"2017-11-11 6:00",6
"2017-11-11 7:00",9
"2017-11-11 8:00",30
"2017-11-11 9:00",94
"2017-11-11 10:00",71
"2017-11-11 11:00",58
"2017-11-11 12:00",88
"2017-11-11 13:00",85
"2017-11-11 14:00",61
"2017-11-11 15:00",59
"2017-11-11 16:00",31
"2017-11-11 17:00",37
"2017-11-11 18:00",33
"2017-11-11 19:00",19
"2017-11-11 20:00",11
"2017-11-11 21:00",7
"2017-11-11 22:00",7
"2017-11-11 23:00",3
"2017-11-12 0:00",7
"2017-11-12 1:00",2
"2017-11-12 2:00",2
"2017-11-12 3:00",8
"2017-11-12 4:00",29
"2017-11-12 5:00",4
"2017-11-12 6:00",5
"2017-11-12 7:00",3
"2017-11-12 8:00",9
"2017-11-12 9:00",26
"2017-11-12 10:00",35
"2017-11-12 11:00",40
"2017-11-12 12:00",43
"2017-11-12 13:00",58
"2017-11-12 14:00",50
"2017-11-12 15:00",50
"2017-11-12 16:00",38
"2017-11-12 17:00",25
"2017-11-12 18:00",23
"2017-11-12 19:00",18
"2017-11-12 20:00",17
"2017-11-12 21:00",12
"2017-11-12 22:00",7
"2017-11-12 23:00",4
"2017-11-13 0:00",7
"2017-11-13 1:00",2
"2017-11-13 2:00",2
"2017-11-13 3:00",12
"2017-11-13 4:00",23
"2017-11-13 5:00",5
"2017-11-13 6:00",14
"2017-11-13 7:00",46
"2017-11-13 8:00",479
"2017-11-13 9:00",402
"2017-11-13 10:00",498
"2017-11-13 11:00",298
"2017-11-13 12:00",283
"2017-11-13 13:00",251
"2017-11-13 14:00",160
"2017-11-13 15:00",130
"2017-11-13 16:00",121
"2017-11-13 17:00",78
"2017-11-13 18:00",72
"2017-11-13 19:00",26
"2017-11-13 20:00",27
"2017-11-13 21:00",17
"2017-11-13 22:00",15
"2017-11-13 23:00",11
"2017-11-14 0:00",9
"2017-11-14 1:00",5
"2017-11-14 2:00",4
"2017-11-14 3:00",12
"2017-11-14 4:00",29
"2017-11-14 5:00",1
"2017-11-14 6:00",15
"2017-11-14 7:00",50
"2017-11-14 8:00",472
"2017-11-14 9:00",374
"2017-11-14 10:00",424
"2017-11-14 11:00",290
"2017-11-14 12:00",324
"2017-11-14 13:00",233
"2017-11-14 14:00",204
"2017-11-14 15:00",195
"2017-11-14 16:00",122
"2017-11-14 17:00",92
"2017-11-14 18:00",63
"2017-11-14 19:00",19
"2017-11-14 20:00",17
"2017-11-14 21:00",11
"2017-11-14 22:00",14
"2017-11-14 23:00",10
"2017-11-15 0:00",12
"2017-11-15 1:00",5
"2017-11-15 2:00",5
"2017-11-15 3:00",6
"2017-11-15 4:00",29
"2017-11-15 5:00",6
"2017-11-15 6:00",11
"2017-11-15 7:00",41
"2017-11-15 8:00",481
"2017-11-15 9:00",363
"2017-11-15 10:00",493
"2017-11-15 11:00",289
"2017-11-15 12:00",337
"2017-11-15 13:00",256
"2017-11-15 14:00",186
"2017-11-15 15:00",147
"2017-11-15 16:00",110
"2017-11-15 17:00",71
"2017-11-15 18:00",64
"2017-11-15 19:00",39
"2017-11-15 20:00",22
"2017-11-15 21:00",16
"2017-11-15 22:00",16
"2017-11-15 23:00",15
"2017-11-16 0:00",11
"2017-11-16 1:00",11
"2017-11-16 2:00",9
"2017-11-16 3:00",19
"2017-11-16 4:00",32
"2017-11-16 5:00",9
"2017-11-16 6:00",15
"2017-11-16 7:00",42
"2017-11-16 8:00",471
"2017-11-16 9:00",372
"2017-11-16 10:00",421
"2017-11-16 11:00",294
"2017-11-16 12:00",323
"2017-11-16 13:00",212
"2017-11-16 14:00",200
"2017-11-16 15:00",141
"2017-11-16 16:00",131
"2017-11-16 17:00",76
"2017-11-16 18:00",58
"2017-11-16 19:00",36
"2017-11-16 20:00",22
"2017-11-16 21:00",19
"2017-11-16 22:00",10
"2017-11-16 23:00",11
"2017-11-17 0:00",11
"2017-11-17 1:00",6
"2017-11-17 2:00",8
"2017-11-17 3:00",11
"2017-11-17 4:00",27
"2017-11-17 5:00",3
"2017-11-17 6:00",9
"2017-11-17 7:00",42
"2017-11-17 8:00",459
"2017-11-17 9:00",358
"2017-11-17 10:00",447
"2017-11-17 11:00",265
"2017-11-17 12:00",332
"2017-11-17 13:00",221
"2017-11-17 14:00",161
"2017-11-17 15:00",148
"2017-11-17 16:00",112
"2017-11-17 17:00",90
"2017-11-17 18:00",64
"2017-11-17 19:00",31
"2017-11-17 20:00",15
"2017-11-17 21:00",17
"2017-11-17 22:00",12
"2017-11-17 23:00",4
"2017-11-18 0:00",6
"2017-11-18 1:00",4
"2017-11-18 2:00",1
"2017-11-18 3:00",8
"2017-11-18 4:00",26
"2017-11-18 5:00",5
"2017-11-18 6:00",6
"2017-11-18 7:00",15
"2017-11-18 8:00",59
"2017-11-18 9:00",75
"2017-11-18 10:00",100
"2017-11-18 11:00",61
"2017-11-18 12:00",81
"2017-11-18 13:00",95
"2017-11-18 14:00",90
"2017-11-18 15:00",53
"2017-11-18 16:00",39
"2017-11-18 17:00",42
"2017-11-18 18:00",22
"2017-11-19 18:00",641
"2017-11-19 19:00",45
"2017-11-19 20:00",45
"2017-11-19 21:00",20
"2017-11-19 22:00",10
"2017-11-19 23:00",13
"2017-11-20 0:00",10
"2017-11-20 1:00",5
"2017-11-20 2:00",2
"2017-11-20 3:00",9
"2017-11-20 4:00",41
"2017-11-20 5:00",47
"2017-11-20 6:00",40
"2017-11-20 7:00",78
"2017-11-20 8:00",594
"2017-11-20 9:00",512
"2017-11-20 10:00",582
"2017-11-20 11:00",348
"2017-11-20 12:00",312
"2017-11-20 13:00",311
"2017-11-20 14:00",208
"2017-11-20 15:00",172
"2017-11-20 16:00",162
"2017-11-20 17:00",111
"2017-11-20 18:00",70
"2017-11-20 19:00",48
"2017-11-20 20:00",51
"2017-11-20 21:00",42
"2017-11-20 22:00",51
"2017-11-20 23:00",60
"2017-11-21 0:00",75
"2017-11-21 1:00",57
"2017-11-21 2:00",58
"2017-11-21 3:00",62
"2017-11-21 4:00",29
"2017-11-21 5:00",7
"2017-11-21 6:00",16
"2017-11-21 7:00",48
"2017-11-21 8:00",528
"2017-11-21 9:00",411
"2017-11-21 10:00",493
"2017-11-21 11:00",302
"2017-11-21 12:00",302
"2017-11-21 13:00",257
"2017-11-21 14:00",238
"2017-11-21 15:00",203
"2017-11-21 16:00",182
"2017-11-21 17:00",330
"2017-11-21 18:00",129
"2017-11-21 19:00",77
"2017-11-21 20:00",75
"2017-11-21 21:00",18
"2017-11-21 22:00",11
"2017-11-21 23:00",5
"2017-11-22 0:00",7
"2017-11-22 1:00",12
"2017-11-22 2:00",4
"2017-11-22 3:00",8
"2017-11-22 4:00",31
"2017-11-22 5:00",5
"2017-11-22 6:00",13
"2017-11-22 7:00",42
"2017-11-22 8:00",471
"2017-11-22 9:00",374
"2017-11-22 10:00",515
"2017-11-22 11:00",310
"2017-11-22 12:00",332
"2017-11-22 13:00",258
"2017-11-22 14:00",169
"2017-11-22 15:00",149
"2017-11-22 16:00",135
"2017-11-22 17:00",103
"2017-11-22 18:00",105
"2017-11-22 19:00",78
"2017-11-22 20:00",66
"2017-11-22 21:00",51
"2017-11-22 22:00",57
"2017-11-22 23:00",45
"2017-11-23 0:00",78
"2017-11-23 1:00",37
"2017-11-23 2:00",65
"2017-11-23 3:00",27
"2017-11-23 4:00",30
"2017-11-23 5:00",5
"2017-11-23 6:00",9
"2017-11-23 7:00",6
"2017-11-23 8:00",26
"2017-11-23 9:00",56
"2017-11-23 10:00",71
"2017-11-23 11:00",81
"2017-11-23 12:00",105
"2017-11-23 13:00",89
"2017-11-23 14:00",73
"2017-11-23 15:00",50
"2017-11-23 16:00",39
"2017-11-23 17:00",40
"2017-11-23 18:00",25
"2017-11-23 19:00",20
"2017-11-23 20:00",13
"2017-11-23 21:00",7
"2017-11-23 22:00",8
"2017-11-23 23:00",7
"2017-11-24 0:00",5
"2017-11-24 1:00",10
"2017-11-24 2:00",7
"2017-11-24 3:00",15
"2017-11-24 4:00",33
"2017-11-24 5:00",7
"2017-11-24 6:00",24
"2017-11-24 7:00",45
"2017-11-24 8:00",436
"2017-11-24 9:00",361
"2017-11-24 10:00",535
"2017-11-24 11:00",284
"2017-11-24 12:00",279
"2017-11-24 13:00",238
"2017-11-24 14:00",174
"2017-11-24 15:00",119
"2017-11-24 16:00",110
"2017-11-24 17:00",131
"2017-11-24 18:00",88
"2017-11-24 19:00",45
"2017-11-24 20:00",23
"2017-11-24 21:00",14
"2017-11-24 22:00",11
"2017-11-24 23:00",5
"2017-11-25 0:00",16
"2017-11-25 1:00",8
"2017-11-25 2:00",2
"2017-11-25 3:00",10
"2017-11-25 4:00",30
"2017-11-25 5:00",3
"2017-11-25 6:00",7
"2017-11-25 7:00",8
"2017-11-25 8:00",35
"2017-11-25 9:00",67
"2017-11-25 10:00",84
"2017-11-25 11:00",57
"2017-11-25 12:00",81
"2017-11-25 13:00",98
"2017-11-25 14:00",68
"2017-11-25 15:00",56
"2017-11-25 16:00",39
"2017-11-25 17:00",35
"2017-11-25 18:00",21
"2017-11-25 19:00",15
"2017-11-25 20:00",13
"2017-11-25 21:00",11
"2017-11-25 22:00",2
"2017-11-25 23:00",3
"2017-11-26 0:00",8
"2017-11-26 1:00",5
"2017-11-26 2:00",5
"2017-11-26 3:00",10
"2017-11-26 4:00",24
"2017-11-26 5:00",5
"2017-11-26 6:00",3
"2017-11-26 7:00",4
"2017-11-26 8:00",12
"2017-11-26 9:00",25
"2017-11-26 10:00",59
"2017-11-26 11:00",43
"2017-11-26 12:00",46
"2017-11-26 13:00",46
"2017-11-26 14:00",63
"2017-11-26 15:00",57
"2017-11-26 16:00",47
"2017-11-26 17:00",47
"2017-11-26 18:00",23
"2017-11-26 19:00",17
"2017-11-26 20:00",18
"2017-11-26 21:00",6
"2017-11-26 22:00",8
"2017-11-26 23:00",14
"2017-11-27 0:00",7
"2017-11-27 1:00",7
"2017-11-27 2:00",4
"2017-11-27 3:00",8
"2017-11-27 4:00",25
"2017-11-27 5:00",3
"2017-11-27 6:00",13
"2017-11-27 7:00",35
"2017-11-27 8:00",470
"2017-11-27 9:00",401
"2017-11-27 10:00",440
"2017-11-27 11:00",282
"2017-11-27 12:00",302
"2017-11-27 13:00",249
"2017-11-27 14:00",197
"2017-11-27 15:00",154
"2017-11-27 16:00",132
"2017-11-27 17:00",79
"2017-11-27 18:00",67
"2017-11-27 19:00",35
"2017-11-27 20:00",26
"2017-11-27 21:00",14
"2017-11-27 22:00",11
"2017-11-27 23:00",12
"2017-11-28 0:00",11
"2017-11-28 1:00",8
"2017-11-28 2:00",6
"2017-11-28 3:00",9
"2017-11-28 4:00",25
"2017-11-28 5:00",1
"2017-11-28 6:00",14
"2017-11-28 7:00",45
"2017-11-28 8:00",479
"2017-11-28 9:00",405
"2017-11-28 10:00",452
"2017-11-28 11:00",279
"2017-11-28 12:00",349
"2017-11-28 13:00",218
"2017-11-28 14:00",227
"2017-11-28 15:00",146
"2017-11-28 16:00",125
"2017-11-28 17:00",79
"2017-11-28 18:00",58
"2017-11-28 19:00",36
"2017-11-28 20:00",30
"2017-11-28 21:00",19
"2017-11-28 22:00",14
"2017-11-28 23:00",15
"2017-11-29 0:00",14
"2017-11-29 1:00",9
"2017-11-29 2:00",4
"2017-11-29 3:00",10
"2017-11-29 4:00",34
"2017-11-29 5:00",6
"2017-11-29 6:00",15
"2017-11-29 7:00",38
"2017-11-29 8:00",463
"2017-11-29 9:00",383
"2017-11-29 10:00",495
"2017-11-29 11:00",305
"2017-11-29 12:00",373
"2017-11-29 13:00",249
"2017-11-29 14:00",208
"2017-11-29 15:00",153
"2017-11-29 16:00",117
"2017-11-29 17:00",89
"2017-11-29 18:00",55
"2017-11-29 19:00",26
"2017-11-29 20:00",21
"2017-11-29 21:00",22
"2017-11-29 22:00",8
"2017-11-29 23:00",15
"2017-11-30 0:00",15
"2017-11-30 1:00",8
"2017-11-30 2:00",7
"2017-11-30 3:00",12
"2017-11-30 4:00",33
"2017-11-30 5:00",3
"2017-11-30 6:00",14
"2017-11-30 7:00",39
"2017-11-30 8:00",489
"2017-11-30 9:00",365
"2017-11-30 10:00",459
"2017-11-30 11:00",285
"2017-11-30 12:00",289
"2017-11-30 13:00",270
"2017-11-30 14:00",190
"2017-11-30 15:00",143
"2017-11-30 16:00",108
"2017-11-30 17:00",93
"2017-11-30 18:00",55
"2017-11-30 19:00",50
"2017-11-30 20:00",21
"2017-11-30 21:00",16
"2017-11-30 22:00",12
"2017-11-30 23:00",6
"2017-12-01 0:00",12
"2017-12-01 1:00",7
"2017-12-01 2:00",5
"2017-12-01 3:00",11
"2017-12-01 4:00",27
"2017-12-01 5:00",4
"2017-12-01 6:00",12
"2017-12-01 7:00",47
"2017-12-01 8:00",435
"2017-12-01 9:00",355
"2017-12-01 10:00",538
"2017-12-01 11:00",301
"2017-12-01 12:00",284
"2017-12-01 13:00",204
"2017-12-01 14:00",193
"2017-12-01 15:00",134
"2017-12-01 16:00",134
"2017-12-01 17:00",104
"2017-12-01 18:00",48
"2017-12-01 19:00",33
"2017-12-01 20:00",20
"2017-12-01 21:00",7
"2017-12-01 22:00",12
"2017-12-01 23:00",5
"2017-12-02 0:00",12
"2017-12-02 1:00",5
"2017-12-02 2:00",4
"2017-12-02 3:00",10
"2017-12-02 4:00",27
"2017-12-02 5:00",3
"2017-12-02 6:00",7
"2017-12-02 7:00",9
"2017-12-02 8:00",37
"2017-12-02 9:00",70
"2017-12-02 10:00",64
"2017-12-02 11:00",55
"2017-12-02 12:00",82
"2017-12-02 13:00",73
"2017-12-02 14:00",68
"2017-12-02 15:00",53
"2017-12-02 16:00",85
"2017-12-02 17:00",76
"2017-12-02 18:00",14
"2017-12-02 19:00",41
"2017-12-02 20:00",15
"2017-12-02 21:00",7
"2017-12-02 22:00",9
"2017-12-02 23:00",5
"2017-12-03 0:00",1
"2017-12-03 1:00",3
"2017-12-03 2:00",1
"2017-12-03 3:00",7
"2017-12-03 4:00",21
"2017-12-03 5:00",1
"2017-12-03 6:00",6
"2017-12-03 7:00",13
"2017-12-03 8:00",10
"2017-12-03 9:00",33
"2017-12-03 10:00",41
"2017-12-03 11:00",41
"2017-12-03 12:00",45
"2017-12-03 13:00",58
"2017-12-03 14:00",48
"2017-12-03 15:00",37
"2017-12-03 16:00",29
"2017-12-03 17:00",37
"2017-12-03 18:00",21
"2017-12-03 19:00",17
"2017-12-03 20:00",12
"2017-12-03 21:00",6
"2017-12-03 22:00",12
"2017-12-03 23:00",3
"2017-12-04 0:00",12
"2017-12-04 1:00",5
"2017-12-04 2:00",6
"2017-12-04 3:00",8
"2017-12-04 4:00",28
"2017-12-04 5:00",5
"2017-12-04 6:00",13
"2017-12-04 7:00",41
"2017-12-04 8:00",454
"2017-12-04 9:00",390
"2017-12-04 10:00",454
"2017-12-04 11:00",334
"2017-12-04 12:00",305
"2017-12-04 13:00",266
"2017-12-04 14:00",260
"2017-12-04 15:00",137
"2017-12-04 16:00",103
"2017-12-04 17:00",82
"2017-12-04 18:00",62
"2017-12-04 19:00",29
"2017-12-04 20:00",31
"2017-12-04 21:00",12
"2017-12-04 22:00",12
"2017-12-04 23:00",7
"2017-12-05 0:00",7
"2017-12-05 1:00",7
"2017-12-05 2:00",5
"2017-12-05 3:00",16
"2017-12-05 4:00",30
"2017-12-05 5:00",3
"2017-12-05 6:00",13
"2017-12-05 7:00",45
"2017-12-05 8:00",460
"2017-12-05 9:00",363
"2017-12-05 10:00",477
"2017-12-05 11:00",294
"2017-12-05 12:00",298
"2017-12-05 13:00",260
"2017-12-05 14:00",184
"2017-12-05 15:00",131
"2017-12-05 16:00",140
"2017-12-05 17:00",80
"2017-12-05 18:00",69
"2017-12-05 19:00",39
"2017-12-05 20:00",30
"2017-12-05 21:00",16
"2017-12-05 22:00",14
"2017-12-05 23:00",9
"2017-12-06 0:00",11
"2017-12-06 1:00",8
"2017-12-06 2:00",3
"2017-12-06 3:00",10
"2017-12-06 4:00",19
"2017-12-06 5:00",1
"2017-12-06 6:00",18
"2017-12-06 7:00",37
"2017-12-06 8:00",454
"2017-12-06 9:00",415
"2017-12-06 10:00",467
"2017-12-06 11:00",266
"2017-12-06 12:00",307
"2017-12-06 13:00",275
"2017-12-06 14:00",189
"2017-12-06 15:00",127
"2017-12-06 16:00",115
"2017-12-06 17:00",76
"2017-12-06 18:00",62
"2017-12-06 19:00",44
"2017-12-06 20:00",23
"2017-12-06 21:00",14
"2017-12-06 22:00",8
"2017-12-06 23:00",10
"2017-12-07 0:00",8
"2017-12-07 1:00",6
"2017-12-07 2:00",11
"2017-12-07 3:00",13
"2017-12-07 4:00",29
"2017-12-07 5:00",9
"2017-12-07 6:00",9
"2017-12-07 7:00",49
"2017-12-07 8:00",459
"2017-12-07 9:00",411
"2017-12-07 10:00",434
"2017-12-07 11:00",260
"2017-12-07 12:00",317
"2017-12-07 13:00",227
"2017-12-07 14:00",223
"2017-12-07 15:00",158
"2017-12-07 16:00",158
"2017-12-07 17:00",95
"2017-12-07 18:00",50
"2017-12-07 19:00",40
"2017-12-07 20:00",31
"2017-12-07 21:00",25
"2017-12-07 22:00",11
"2017-12-07 23:00",6
"2017-12-08 0:00",10
"2017-12-08 1:00",7
"2017-12-08 2:00",6
"2017-12-08 3:00",7
"2017-12-08 4:00",28
"2017-12-08 5:00",4
"2017-12-08 6:00",16
"2017-12-08 7:00",34
"2017-12-08 8:00",420
"2017-12-08 9:00",377
"2017-12-08 10:00",443
"2017-12-08 11:00",300
"2017-12-08 12:00",327
"2017-12-08 13:00",252
"2017-12-08 14:00",182
"2017-12-08 15:00",141
"2017-12-08 16:00",105
"2017-12-08 17:00",66
"2017-12-08 18:00",64
"2017-12-08 19:00",40
"2017-12-08 20:00",22
"2017-12-08 21:00",15
"2017-12-08 22:00",10
"2017-12-08 23:00",10
"2017-12-09 0:00",8
"2017-12-09 1:00",6
"2017-12-09 2:00",6
"2017-12-09 3:00",9
"2017-12-09 4:00",30
"2017-12-09 5:00",2
"2017-12-09 6:00",10
"2017-12-09 7:00",13
"2017-12-09 8:00",29
"2017-12-09 9:00",80
"2017-12-09 10:00",89
"2017-12-09 11:00",73
"2017-12-09 12:00",91
"2017-12-09 13:00",93
"2017-12-09 14:00",67
"2017-12-09 15:00",47
"2017-12-09 16:00",37
"2017-12-09 17:00",34
"2017-12-09 18:00",22
"2017-12-09 19:00",16
"2017-12-09 20:00",16
"2017-12-09 21:00",13
"2017-12-09 22:00",9
"2017-12-09 23:00",4
"2017-12-10 0:00",3
"2017-12-10 1:00",7
"2017-12-10 2:00",2
"2017-12-10 3:00",9
"2017-12-10 4:00",30
"2017-12-10 5:00",3
"2017-12-10 6:00",4
"2017-12-10 7:00",2
"2017-12-10 8:00",6
"2017-12-10 9:00",28
"2017-12-10 10:00",39
"2017-12-10 11:00",42
"2017-12-10 12:00",43
"2017-12-10 13:00",61
"2017-12-10 14:00",46
"2017-12-10 15:00",32
"2017-12-10 16:00",44
"2017-12-10 17:00",32
"2017-12-10 18:00",18
"2017-12-10 19:00",16
"2017-12-10 20:00",13
"2017-12-10 21:00",8
"2017-12-10 22:00",4
"2017-12-10 23:00",4
"2017-12-11 0:00",9
"2017-12-11 1:00",9
"2017-12-11 2:00",7
"2017-12-11 3:00",8
"2017-12-11 4:00",28
"2017-12-11 5:00",4
"2017-12-11 6:00",13
"2017-12-11 7:00",40
"2017-12-11 8:00",459
"2017-12-11 9:00",404
"2017-12-11 10:00",478
"2017-12-11 11:00",252
"2017-12-11 12:00",334
"2017-12-11 13:00",281
"2017-12-11 14:00",201
"2017-12-11 15:00",159
"2017-12-11 16:00",109
"2017-12-11 17:00",86
"2017-12-11 18:00",55
"2017-12-11 19:00",27
"2017-12-11 20:00",22
"2017-12-11 21:00",18
"2017-12-11 22:00",14
"2017-12-11 23:00",10
"2017-12-12 0:00",13
"2017-12-12 1:00",6
"2017-12-12 2:00",7
"2017-12-12 3:00",25
"2017-12-12 4:00",28
"2017-12-12 5:00",6
"2017-12-12 6:00",13
"2017-12-12 7:00",43
"2017-12-12 8:00",482
"2017-12-12 9:00",391
"2017-12-12 10:00",421
"2017-12-12 11:00",334
"2017-12-12 12:00",342
"2017-12-12 13:00",243
"2017-12-12 14:00",203
"2017-12-12 15:00",193
"2017-12-12 16:00",119
"2017-12-12 17:00",94
"2017-12-12 18:00",64
"2017-12-12 19:00",36
"2017-12-12 20:00",32
"2017-12-12 21:00",18
"2017-12-12 22:00",9
"2017-12-12 23:00",15
"2017-12-13 0:00",13
"2017-12-13 1:00",11
"2017-12-13 2:00",5
"2017-12-13 3:00",9
"2017-12-13 4:00",33
"2017-12-13 5:00",5
"2017-12-13 6:00",12
"2017-12-13 7:00",32
"2017-12-13 8:00",479
"2017-12-13 9:00",363
"2017-12-13 10:00",536
"2017-12-13 11:00",292
"2017-12-13 12:00",337
"2017-12-13 13:00",239
"2017-12-13 14:00",183
"2017-12-13 15:00",125
"2017-12-13 16:00",136
"2017-12-13 17:00",90
"2017-12-13 18:00",46
"2017-12-13 19:00",37
"2017-12-13 20:00",27
"2017-12-13 21:00",11
"2017-12-13 22:00",10
"2017-12-13 23:00",7
"2017-12-14 0:00",11
"2017-12-14 1:00",10
"2017-12-14 2:00",12
"2017-12-14 3:00",19
"2017-12-14 4:00",26
"2017-12-14 5:00",3
"2017-12-14 6:00",18
"2017-12-14 7:00",33
"2017-12-14 8:00",453
"2017-12-14 9:00",392
"2017-12-14 10:00",450
"2017-12-14 11:00",292
"2017-12-14 12:00",303
"2017-12-14 13:00",269
"2017-12-14 14:00",212
"2017-12-14 15:00",164
"2017-12-14 16:00",123
"2017-12-14 17:00",84
"2017-12-14 18:00",71
"2017-12-14 19:00",37
"2017-12-14 20:00",27
"2017-12-14 21:00",15
"2017-12-14 22:00",16
"2017-12-14 23:00",11
"2017-12-15 0:00",8
"2017-12-15 1:00",14
"2017-12-15 2:00",11
"2017-12-15 3:00",14
"2017-12-15 4:00",25
"2017-12-15 5:00",3
"2017-12-15 6:00",16
"2017-12-15 7:00",25
"2017-12-15 8:00",437
"2017-12-15 9:00",368
"2017-12-15 10:00",508
"2017-12-15 11:00",313
"2017-12-15 12:00",294
"2017-12-15 13:00",268
"2017-12-15 14:00",197
"2017-12-15 15:00",123
"2017-12-15 16:00",124
"2017-12-15 17:00",107
"2017-12-15 18:00",71
"2017-12-15 19:00",31
"2017-12-15 20:00",21
"2017-12-15 21:00",12
"2017-12-15 22:00",14
"2017-12-15 23:00",7
"2017-12-16 0:00",6
"2017-12-16 1:00",4
"2017-12-16 2:00",7
"2017-12-16 3:00",11
"2017-12-16 4:00",35
"2017-12-16 5:00",2
"2017-12-16 6:00",6
"2017-12-16 7:00",10
"2017-12-16 8:00",34
"2017-12-16 9:00",72
"2017-12-16 10:00",84
"2017-12-16 11:00",63
"2017-12-16 12:00",72
"2017-12-16 13:00",74
"2017-12-16 14:00",62
"2017-12-16 15:00",60
"2017-12-16 16:00",31
"2017-12-16 17:00",30
"2017-12-16 18:00",23
"2017-12-16 19:00",10
"2017-12-16 20:00",18
"2017-12-16 21:00",5
"2017-12-16 22:00",6
"2017-12-16 23:00",6
"2017-12-17 0:00",9
"2017-12-17 1:00",6
"2017-12-17 2:00",5
"2017-12-17 3:00",9
"2017-12-17 4:00",29
"2017-12-17 5:00",4
"2017-12-17 6:00",4
"2017-12-17 7:00",6
"2017-12-17 8:00",12
"2017-12-17 9:00",26
"2017-12-17 10:00",36
"2017-12-17 11:00",44
"2017-12-17 12:00",52
"2017-12-17 13:00",84
"2017-12-17 14:00",52
"2017-12-17 15:00",40
"2017-12-17 16:00",31
"2017-12-17 17:00",21
"2017-12-17 18:00",20
"2017-12-17 19:00",14
"2017-12-17 20:00",17
"2017-12-17 21:00",15
"2017-12-17 22:00",8
"2017-12-17 23:00",9
"2017-12-18 0:00",16
"2017-12-18 1:00",9
"2017-12-18 2:00",12
"2017-12-18 3:00",13
"2017-12-18 4:00",34
"2017-12-18 6:00",13
"2017-12-18 7:00",53
"2017-12-18 8:00",462
"2017-12-18 9:00",403
"2017-12-18 10:00",455
"2017-12-18 11:00",268
"2017-12-18 12:00",361
"2017-12-18 13:00",256
"2017-12-18 14:00",228
"2017-12-18 15:00",158
"2017-12-18 16:00",131
"2017-12-18 17:00",81
"2017-12-18 18:00",62
"2017-12-18 19:00",43
"2017-12-18 20:00",34
"2017-12-18 21:00",15
"2017-12-18 22:00",15
"2017-12-18 23:00",6
"2017-12-19 0:00",10
"2017-12-19 1:00",9
"2017-12-19 2:00",8
"2017-12-19 3:00",14
"2017-12-19 4:00",27
"2017-12-19 5:00",6
"2017-12-19 6:00",20
"2017-12-19 7:00",47
"2017-12-19 8:00",467
"2017-12-19 9:00",393
"2017-12-19 10:00",442
"2017-12-19 11:00",290
"2017-12-19 12:00",321
"2017-12-19 13:00",269
"2017-12-19 14:00",199
"2017-12-19 15:00",136
"2017-12-19 16:00",104
"2017-12-19 17:00",95
"2017-12-19 18:00",56
"2017-12-19 19:00",34
"2017-12-19 20:00",41
"2017-12-19 21:00",11
"2017-12-19 22:00",19
"2017-12-19 23:00",12
"2017-12-20 0:00",14
"2017-12-20 1:00",14
"2017-12-20 2:00",3
"2017-12-20 3:00",9
"2017-12-20 4:00",25
"2017-12-20 5:00",4
"2017-12-20 6:00",9
"2017-12-20 7:00",37
"2017-12-20 8:00",456
"2017-12-20 9:00",391
"2017-12-20 10:00",486
"2017-12-20 11:00",249
"2017-12-20 12:00",352
"2017-12-20 13:00",244
"2017-12-20 14:00",186
"2017-12-20 15:00",125
"2017-12-20 16:00",113
"2017-12-20 17:00",81
"2017-12-20 18:00",65
"2017-12-20 19:00",33
"2017-12-20 20:00",23
"2017-12-20 21:00",13
"2017-12-20 22:00",12
"2017-12-20 23:00",6
"2017-12-21 0:00",4
"2017-12-21 1:00",12
"2017-12-21 2:00",8
"2017-12-21 3:00",12
"2017-12-21 4:00",24
"2017-12-21 5:00",2
"2017-12-21 6:00",14
"2017-12-21 7:00",35
"2017-12-21 8:00",476
"2017-12-21 9:00",361
"2017-12-21 10:00",434
"2017-12-21 11:00",326
"2017-12-21 12:00",296
"2017-12-21 13:00",274
"2017-12-21 14:00",178
"2017-12-21 15:00",141
"2017-12-21 16:00",136
"2017-12-21 17:00",75
"2017-12-21 18:00",62
"2017-12-21 19:00",35
"2017-12-21 20:00",25
"2017-12-21 21:00",26
"2017-12-21 22:00",13
"2017-12-21 23:00",6
"2017-12-22 0:00",15
"2017-12-22 1:00",14
"2017-12-22 2:00",8
"2017-12-22 3:00",13
"2017-12-22 4:00",25
"2017-12-22 5:00",2
"2017-12-22 6:00",14
"2017-12-22 7:00",29
"2017-12-22 8:00",362
"2017-12-22 9:00",422
"2017-12-22 10:00",415
"2017-12-22 11:00",246
"2017-12-22 12:00",286
"2017-12-22 13:00",255
"2017-12-22 14:00",217
"2017-12-22 15:00",140
"2017-12-22 16:00",159
"2017-12-22 17:00",70
"2017-12-22 18:00",59
"2017-12-22 19:00",30
"2017-12-22 20:00",23
"2017-12-22 21:00",21
"2017-12-22 22:00",5
"2017-12-22 23:00",16
"2017-12-23 0:00",14
"2017-12-23 1:00",7
"2017-12-23 2:00",2
"2017-12-23 3:00",9
"2017-12-23 4:00",23
"2017-12-23 5:00",4
"2017-12-23 6:00",8
"2017-12-23 7:00",9
"2017-12-23 8:00",20
"2017-12-23 9:00",49
"2017-12-23 10:00",46
"2017-12-23 11:00",51
"2017-12-23 12:00",39
"2017-12-23 13:00",76
"2017-12-23 14:00",57
"2017-12-23 15:00",42
"2017-12-23 16:00",29
"2017-12-23 17:00",28
"2017-12-23 18:00",30
"2017-12-23 19:00",16
"2017-12-23 20:00",17
"2017-12-23 21:00",11
"2017-12-23 22:00",8
"2017-12-23 23:00",11
"2017-12-24 0:00",9
"2017-12-24 1:00",10
"2017-12-24 2:00",5
"2017-12-24 3:00",13
"2017-12-24 4:00",24
"2017-12-24 5:00",2
"2017-12-24 6:00",9
"2017-12-24 7:00",1
"2017-12-24 8:00",7
"2017-12-24 9:00",23
"2017-12-24 10:00",20
"2017-12-24 11:00",35
"2017-12-24 12:00",49
"2017-12-24 13:00",41
"2017-12-24 14:00",48
"2017-12-24 15:00",41
"2017-12-24 16:00",35
"2017-12-24 17:00",24
"2017-12-24 18:00",40
"2017-12-24 19:00",14
"2017-12-24 20:00",19
"2017-12-24 21:00",5
"2017-12-24 22:00",4
"2017-12-24 23:00",7
"2017-12-25 0:00",13
"2017-12-25 1:00",4
"2017-12-25 2:00",5
"2017-12-25 3:00",8
"2017-12-25 4:00",26
"2017-12-25 5:00",2
"2017-12-25 6:00",11
"2017-12-25 7:00",36
"2017-12-25 8:00",428
"2017-12-25 9:00",337
"2017-12-25 10:00",314
"2017-12-25 11:00",238
"2017-12-25 12:00",243
"2017-12-25 13:00",202
"2017-12-25 14:00",149
"2017-12-25 15:00",124
"2017-12-25 16:00",121
"2017-12-25 17:00",76
"2017-12-25 18:00",48
"2017-12-25 19:00",18
"2017-12-25 20:00",24
"2017-12-25 21:00",11
"2017-12-25 22:00",9
"2017-12-25 23:00",10
"2017-12-26 0:00",11
"2017-12-26 1:00",15
"2017-12-26 2:00",6
"2017-12-26 3:00",14
"2017-12-26 4:00",24
"2017-12-26 5:00",4
"2017-12-26 6:00",7
"2017-12-26 7:00",34
"2017-12-26 8:00",392
"2017-12-26 9:00",338
"2017-12-26 10:00",322
"2017-12-26 11:00",189
"2017-12-26 12:00",244
"2017-12-26 13:00",218
"2017-12-26 14:00",148
"2017-12-26 15:00",115
"2017-12-26 16:00",114
"2017-12-26 17:00",110
"2017-12-26 18:00",48
"2017-12-26 19:00",32
"2017-12-26 20:00",20
"2017-12-26 21:00",9
"2017-12-26 22:00",6
"2017-12-26 23:00",13
"2017-12-27 0:00",16
"2017-12-27 1:00",9
"2017-12-27 2:00",2
"2017-12-27 3:00",9
"2017-12-27 4:00",23
"2017-12-27 5:00",2
"2017-12-27 6:00",11
"2017-12-27 7:00",30
"2017-12-27 8:00",404
"2017-12-27 9:00",300
"2017-12-27 10:00",256
"2017-12-27 11:00",204
"2017-12-27 12:00",191
"2017-12-27 13:00",173
"2017-12-27 14:00",145
"2017-12-27 15:00",170
"2017-12-27 16:00",130
"2017-12-27 17:00",74
"2017-12-27 18:00",32
"2017-12-27 19:00",25
"2017-12-27 20:00",12
"2017-12-27 21:00",13
"2017-12-27 22:00",9
"2017-12-27 23:00",10
"2017-12-28 0:00",7
"2017-12-28 1:00",5
"2017-12-28 2:00",7
"2017-12-28 3:00",8
"2017-12-28 4:00",27
"2017-12-28 5:00",5
"2017-12-28 6:00",13
"2017-12-28 7:00",31
"2017-12-28 8:00",349
"2017-12-28 9:00",241
"2017-12-28 10:00",224
"2017-12-28 11:00",164
"2017-12-28 12:00",146
"2017-12-28 13:00",127
"2017-12-28 14:00",132
"2017-12-28 15:00",95
"2017-12-28 16:00",86
"2017-12-28 17:00",66
"2017-12-28 18:00",35
"2017-12-28 19:00",10
"2017-12-28 20:00",31
"2017-12-28 21:00",10
"2017-12-28 22:00",10
"2017-12-28 23:00",4
"2017-12-29 0:00",8
"2017-12-29 1:00",6
"2017-12-29 2:00",4
"2017-12-29 3:00",7
"2017-12-29 4:00",22
"2017-12-29 5:00",3
"2017-12-29 6:00",5
"2017-12-29 7:00",8
"2017-12-29 8:00",11
"2017-12-29 9:00",41
"2017-12-29 10:00",71
"2017-12-29 11:00",44
"2017-12-29 12:00",55
"2017-12-29 13:00",62
"2017-12-29 14:00",39
"2017-12-29 15:00",35
"2017-12-29 16:00",22
"2017-12-29 17:00",22
"2017-12-29 18:00",12
"2017-12-29 19:00",8
"2017-12-29 20:00",5
"2017-12-29 21:00",2
"2017-12-29 22:00",2
"2017-12-29 23:00",8
"2017-12-30 0:00",5
"2017-12-30 1:00",4
"2017-12-30 2:00",2
"2017-12-30 3:00",10
"2017-12-30 4:00",20
"2017-12-30 5:00",1
"2017-12-30 6:00",2
"2017-12-30 7:00",5
"2017-12-30 8:00",6
"2017-12-30 9:00",15
"2017-12-30 10:00",34
"2017-12-30 11:00",16
"2017-12-30 12:00",30
"2017-12-30 13:00",39
"2017-12-30 14:00",30
"2017-12-30 15:00",21
"2017-12-30 16:00",29
"2017-12-30 17:00",18
"2017-12-30 18:00",14
"2017-12-30 19:00",10
"2017-12-30 20:00",5
"2017-12-30 21:00",4
"2017-12-30 22:00",2
"2017-12-30 23:00",2
"2017-12-31 0:00",3
"2017-12-31 1:00",3
"2017-12-31 2:00",1
"2017-12-31 3:00",7
"2017-12-31 4:00",20
"2017-12-31 5:00",1
"2017-12-31 6:00",4
"2017-12-31 7:00",4
"2017-12-31 8:00",5
"2017-12-31 9:00",12
"2017-12-31 10:00",13
"2017-12-31 11:00",9
"2017-12-31 12:00",17
"2017-12-31 13:00",17
"2017-12-31 14:00",25
"2017-12-31 15:00",15
"2017-12-31 16:00",24
"2017-12-31 17:00",12
"2017-12-31 18:00",1
"2017-12-31 19:00",5
"2017-12-31 20:00",3
"2017-12-31 21:00",1
"2017-12-31 22:00",1
"2017-12-31 23:00",3
"2018-01-01 0:00",3
"2018-01-01 1:00",2
"2018-01-01 2:00",4
"2018-01-01 3:00",7
"2018-01-01 4:00",21
"2018-01-01 5:00",2
"2018-01-01 6:00",3
"2018-01-01 7:00",5
"2018-01-01 8:00",4
"2018-01-01 9:00",3
"2018-01-01 10:00",7
"2018-01-01 11:00",5
"2018-01-01 12:00",5
"2018-01-01 13:00",6
"2018-01-01 14:00",2
"2018-01-01 15:00",3
"2018-01-01 16:00",4
"2018-01-01 17:00",6
"2018-01-01 18:00",1
"2018-01-01 19:00",2
"2018-01-01 20:00",1
"2018-01-01 21:00",4
"2018-01-01 22:00",1
"2018-01-01 23:00",3
"2018-01-02 0:00",3
"2018-01-02 1:00",1
"2018-01-02 2:00",1
"2018-01-02 3:00",7
"2018-01-02 4:00",16
"2018-01-02 6:00",2
"2018-01-02 7:00",5
"2018-01-02 8:00",7
"2018-01-02 9:00",4
"2018-01-02 10:00",14
"2018-01-02 11:00",6
"2018-01-02 12:00",14
"2018-01-02 13:00",6
"2018-01-02 14:00",20
"2018-01-02 15:00",10
"2018-01-02 16:00",14
"2018-01-02 17:00",4
"2018-01-02 18:00",9
"2018-01-02 19:00",3
"2018-01-02 20:00",2
"2018-01-02 22:00",4
"2018-01-02 23:00",1
"2018-01-03 0:00",1
"2018-01-03 1:00",1
"2018-01-03 2:00",2
"2018-01-03 3:00",7
"2018-01-03 4:00",23
"2018-01-03 5:00",1
"2018-01-03 6:00",4
"2018-01-03 7:00",4
"2018-01-03 8:00",14
"2018-01-03 9:00",11
"2018-01-03 10:00",30
"2018-01-03 11:00",26
"2018-01-03 12:00",21
"2018-01-03 13:00",23
"2018-01-03 14:00",18
"2018-01-03 15:00",15
"2018-01-03 16:00",16
"2018-01-03 17:00",18
"2018-01-03 18:00",11
"2018-01-03 19:00",3
"2018-01-03 20:00",7
"2018-01-03 21:00",5
"2018-01-03 22:00",7
"2018-01-03 23:00",7
"2018-01-04 0:00",5
"2018-01-04 1:00",7
"2018-01-04 2:00",5
"2018-01-04 3:00",8
"2018-01-04 4:00",24
"2018-01-04 5:00",5
"2018-01-04 6:00",13
"2018-01-04 7:00",25
"2018-01-04 8:00",285
"2018-01-04 9:00",209
"2018-01-04 10:00",188
"2018-01-04 11:00",156
"2018-01-04 12:00",145
"2018-01-04 13:00",137
"2018-01-04 14:00",118
"2018-01-04 15:00",84
"2018-01-04 16:00",49
"2018-01-04 17:00",36
"2018-01-04 18:00",41
"2018-01-04 19:00",10
"2018-01-04 20:00",12
"2018-01-04 21:00",12
"2018-01-04 22:00",13
"2018-01-04 23:00",11
"2018-01-05 0:00",14
"2018-01-05 1:00",7
"2018-01-05 2:00",4
"2018-01-05 3:00",11
"2018-01-05 4:00",24
"2018-01-05 5:00",2
"2018-01-05 6:00",11
"2018-01-05 7:00",31
"2018-01-05 8:00",347
"2018-01-05 9:00",285
"2018-01-05 10:00",284
"2018-01-05 11:00",219
"2018-01-05 12:00",206
"2018-01-05 13:00",202
"2018-01-05 14:00",152
"2018-01-05 15:00",125
"2018-01-05 16:00",81
"2018-01-05 17:00",52
"2018-01-05 18:00",37
"2018-01-05 19:00",21
"2018-01-05 20:00",29
"2018-01-05 21:00",14
"2018-01-05 22:00",11
"2018-01-05 23:00",8
"2018-01-06 0:00",6
"2018-01-06 1:00",1
"2018-01-06 3:00",8
"2018-01-06 4:00",23
"2018-01-06 5:00",1
"2018-01-06 6:00",1
"2018-01-06 7:00",7
"2018-01-06 8:00",24
"2018-01-06 9:00",56
"2018-01-06 10:00",87
"2018-01-06 11:00",66
"2018-01-06 12:00",57
"2018-01-06 13:00",81
"2018-01-06 14:00",87
"2018-01-06 15:00",57
"2018-01-06 16:00",35
"2018-01-06 17:00",29
"2018-01-06 18:00",15
"2018-01-06 19:00",12
"2018-01-06 20:00",11
"2018-01-06 21:00",4
"2018-01-06 22:00",6
"2018-01-06 23:00",5
"2018-01-07 0:00",6
"2018-01-07 1:00",8
"2018-01-07 2:00",1
"2018-01-07 3:00",8
"2018-01-07 4:00",22
"2018-01-07 5:00",5
"2018-01-07 6:00",4
"2018-01-07 7:00",5
"2018-01-07 8:00",8
"2018-01-07 9:00",19
"2018-01-07 10:00",37
"2018-01-07 11:00",53
"2018-01-07 12:00",43
"2018-01-07 13:00",70
"2018-01-07 14:00",47
"2018-01-07 15:00",49
"2018-01-07 16:00",28
"2018-01-07 17:00",31
"2018-01-07 18:00",17
"2018-01-07 19:00",15
"2018-01-07 20:00",12
"2018-01-07 21:00",6
"2018-01-07 22:00",8
"2018-01-07 23:00",10
"2018-01-08 0:00",7
"2018-01-08 1:00",2
"2018-01-08 2:00",3
"2018-01-08 3:00",10
"2018-01-08 4:00",24
"2018-01-08 5:00",1
"2018-01-08 6:00",7
"2018-01-08 7:00",5
"2018-01-08 8:00",37
"2018-01-08 9:00",49
"2018-01-08 10:00",54
"2018-01-08 11:00",71
"2018-01-08 12:00",72
"2018-01-08 13:00",101
"2018-01-08 14:00",90
"2018-01-08 15:00",72
"2018-01-08 16:00",46
"2018-01-08 17:00",31
"2018-01-08 18:00",19
"2018-01-08 19:00",18
"2018-01-08 20:00",15
"2018-01-08 21:00",11
"2018-01-08 22:00",11
"2018-01-08 23:00",10
"2018-01-09 0:00",9
"2018-01-09 1:00",5
"2018-01-09 2:00",5
"2018-01-09 3:00",9
"2018-01-09 4:00",23
"2018-01-09 5:00",8
"2018-01-09 6:00",13
"2018-01-09 7:00",51
"2018-01-09 8:00",497
"2018-01-09 9:00",469
"2018-01-09 10:00",503
"2018-01-09 11:00",273
"2018-01-09 12:00",338
"2018-01-09 13:00",257
"2018-01-09 14:00",188
"2018-01-09 15:00",133
"2018-01-09 16:00",128
"2018-01-09 17:00",91
"2018-01-09 18:00",58
"2018-01-09 19:00",43
"2018-01-09 20:00",28
"2018-01-09 21:00",20
"2018-01-09 22:00",19
"2018-01-09 23:00",10
"2018-01-10 0:00",23
"2018-01-10 1:00",10
"2018-01-10 2:00",5
"2018-01-10 3:00",23
"2018-01-10 4:00",24
"2018-01-10 5:00",7
"2018-01-10 6:00",12
"2018-01-10 7:00",39
"2018-01-10 8:00",467
"2018-01-10 9:00",404
"2018-01-10 10:00",597
"2018-01-10 11:00",401
"2018-01-10 12:00",320
"2018-01-10 13:00",253
"2018-01-10 14:00",227
"2018-01-10 15:00",192
"2018-01-10 16:00",140
"2018-01-10 17:00",93
"2018-01-10 18:00",75
"2018-01-10 19:00",46
"2018-01-10 20:00",37
"2018-01-10 21:00",20
"2018-01-10 22:00",15
"2018-01-10 23:00",7
"2018-01-11 0:00",10
"2018-01-11 1:00",9
"2018-01-11 2:00",4
"2018-01-11 3:00",12
"2018-01-11 4:00",26
"2018-01-11 5:00",7
"2018-01-11 6:00",14
"2018-01-11 7:00",50
"2018-01-11 8:00",462
"2018-01-11 9:00",453
"2018-01-11 10:00",467
"2018-01-11 11:00",290
"2018-01-11 12:00",335
"2018-01-11 13:00",274
"2018-01-11 14:00",219
"2018-01-11 15:00",154
"2018-01-11 16:00",119
"2018-01-11 17:00",80
"2018-01-11 18:00",56
"2018-01-11 19:00",46
"2018-01-11 20:00",35
"2018-01-11 21:00",21
"2018-01-11 22:00",12
"2018-01-11 23:00",27
"2018-01-12 0:00",9
"2018-01-12 1:00",7
"2018-01-12 2:00",10
"2018-01-12 3:00",11
"2018-01-12 4:00",22
"2018-01-12 5:00",5
"2018-01-12 6:00",7
"2018-01-12 7:00",40
"2018-01-12 8:00",420
"2018-01-12 9:00",420
"2018-01-12 10:00",370
"2018-01-12 11:00",263
"2018-01-12 12:00",269
"2018-01-12 13:00",267
"2018-01-12 14:00",193
"2018-01-12 15:00",97
"2018-01-12 16:00",83
"2018-01-12 17:00",68
"2018-01-12 18:00",48
"2018-01-12 19:00",30
"2018-01-12 20:00",13
"2018-01-12 21:00",7
"2018-01-12 22:00",6
"2018-01-12 23:00",11
"2018-01-13 0:00",7
"2018-01-13 1:00",2
"2018-01-13 2:00",5
"2018-01-13 3:00",8
"2018-01-13 4:00",25
"2018-01-13 5:00",6
"2018-01-13 6:00",13
"2018-01-13 7:00",34
"2018-01-13 8:00",39
"2018-01-13 9:00",75
"2018-01-13 10:00",74
"2018-01-13 11:00",77
"2018-01-13 12:00",70
"2018-01-13 13:00",70
"2018-01-13 14:00",63
"2018-01-13 15:00",64
"2018-01-13 16:00",40
"2018-01-13 17:00",39
"2018-01-13 18:00",39
"2018-01-13 19:00",22
"2018-01-13 20:00",7
"2018-01-13 21:00",7
"2018-01-13 22:00",6
"2018-01-13 23:00",17
"2018-01-14 0:00",12
"2018-01-14 1:00",5
"2018-01-14 3:00",8
"2018-01-14 4:00",28
"2018-01-14 5:00",3
"2018-01-14 6:00",13
"2018-01-14 7:00",27
"2018-01-14 8:00",23
"2018-01-14 9:00",35
"2018-01-14 10:00",35
"2018-01-14 11:00",39
"2018-01-14 12:00",57
"2018-01-14 13:00",64
"2018-01-14 14:00",54
"2018-01-14 15:00",61
"2018-01-14 16:00",29
"2018-01-14 17:00",23
"2018-01-14 18:00",45
"2018-01-14 19:00",14
"2018-01-14 20:00",21
"2018-01-14 21:00",15
"2018-01-14 22:00",9
"2018-01-14 23:00",10
"2018-01-15 0:00",8
"2018-01-15 1:00",5
"2018-01-15 2:00",3
"2018-01-15 3:00",14
"2018-01-15 4:00",28
"2018-01-15 5:00",1
"2018-01-15 6:00",10
"2018-01-15 7:00",57
"2018-01-15 8:00",407
"2018-01-15 9:00",424
"2018-01-15 10:00",483
"2018-01-15 11:00",274
"2018-01-15 12:00",300
"2018-01-15 13:00",306
"2018-01-15 14:00",175
"2018-01-15 15:00",113
"2018-01-15 16:00",104
"2018-01-15 17:00",54
"2018-01-15 18:00",47
"2018-01-15 19:00",37
"2018-01-15 20:00",64
"2018-01-15 21:00",17
"2018-01-15 22:00",9
"2018-01-15 23:00",9
"2018-01-16 0:00",19
"2018-01-16 1:00",7
"2018-01-16 2:00",3
"2018-01-16 3:00",7
"2018-01-16 4:00",36
"2018-01-16 5:00",3
"2018-01-16 6:00",12
"2018-01-16 7:00",40
"2018-01-16 8:00",444
"2018-01-16 9:00",370
"2018-01-16 10:00",450
"2018-01-16 11:00",272
"2018-01-16 12:00",340
"2018-01-16 13:00",245
"2018-01-16 14:00",219
"2018-01-16 15:00",132
"2018-01-16 16:00",121
"2018-01-16 17:00",91
"2018-01-16 18:00",71
"2018-01-16 19:00",52
"2018-01-16 20:00",35
"2018-01-16 21:00",12
"2018-01-16 22:00",12
"2018-01-16 23:00",10
"2018-01-17 0:00",13
"2018-01-17 1:00",6
"2018-01-17 2:00",5
"2018-01-17 3:00",13
"2018-01-17 4:00",30
"2018-01-17 5:00",3
"2018-01-17 6:00",10
"2018-01-17 7:00",44
"2018-01-17 8:00",436
"2018-01-17 9:00",386
"2018-01-17 10:00",500
"2018-01-17 11:00",282
"2018-01-17 12:00",283
"2018-01-17 13:00",259
"2018-01-17 14:00",167
"2018-01-17 15:00",168
"2018-01-17 16:00",137
"2018-01-17 17:00",83
"2018-01-17 18:00",50
"2018-01-17 19:00",34
"2018-01-17 20:00",34
"2018-01-17 21:00",27
"2018-01-17 22:00",16
"2018-01-17 23:00",15
"2018-01-18 0:00",16
"2018-01-18 1:00",4
"2018-01-18 2:00",9
"2018-01-18 3:00",14
"2018-01-18 4:00",31
"2018-01-18 5:00",13
"2018-01-18 6:00",15
"2018-01-18 7:00",52
"2018-01-18 8:00",464
"2018-01-18 9:00",387
"2018-01-18 10:00",459
"2018-01-18 11:00",289
"2018-01-18 12:00",314
"2018-01-18 13:00",285
"2018-01-18 14:00",217
"2018-01-18 15:00",142
"2018-01-18 16:00",106
"2018-01-18 17:00",78
"2018-01-18 18:00",61
"2018-01-18 19:00",44
"2018-01-18 20:00",20
"2018-01-18 21:00",18
"2018-01-18 22:00",16
"2018-01-18 23:00",17
"2018-01-19 0:00",19
"2018-01-19 1:00",9
"2018-01-19 2:00",9
"2018-01-19 3:00",13
"2018-01-19 4:00",26
"2018-01-19 5:00",1
"2018-01-19 6:00",10
"2018-01-19 7:00",40
"2018-01-19 8:00",445
"2018-01-19 9:00",364
"2018-01-19 10:00",521
"2018-01-19 11:00",323
"2018-01-19 12:00",317
"2018-01-19 13:00",223
"2018-01-19 14:00",191
"2018-01-19 15:00",167
"2018-01-19 16:00",122
"2018-01-19 17:00",86
"2018-01-19 18:00",66
"2018-01-19 19:00",32
"2018-01-19 20:00",26
"2018-01-19 21:00",15
"2018-01-19 22:00",19
"2018-01-19 23:00",14
"2018-01-20 0:00",12
"2018-01-20 1:00",6
"2018-01-20 2:00",4
"2018-01-20 3:00",11
"2018-01-20 4:00",28
"2018-01-20 5:00",5
"2018-01-20 6:00",1
"2018-01-20 7:00",8
"2018-01-20 8:00",31
"2018-01-20 9:00",59
"2018-01-20 10:00",102
"2018-01-20 11:00",85
"2018-01-20 12:00",96
"2018-01-20 13:00",78
"2018-01-20 14:00",100
"2018-01-20 15:00",88
"2018-01-20 16:00",62
"2018-01-20 17:00",35
"2018-01-20 18:00",25
"2018-01-20 19:00",19
"2018-01-20 20:00",13
"2018-01-20 21:00",10
"2018-01-20 22:00",7
"2018-01-20 23:00",5
"2018-01-21 0:00",9
"2018-01-21 1:00",6
"2018-01-21 2:00",8
"2018-01-21 3:00",9
"2018-01-21 4:00",22
"2018-01-21 5:00",9
"2018-01-21 6:00",8
"2018-01-21 7:00",8
"2018-01-21 8:00",18
"2018-01-21 9:00",49
"2018-01-21 10:00",68
"2018-01-21 11:00",48
"2018-01-21 12:00",61
"2018-01-21 13:00",70
"2018-01-21 14:00",66
"2018-01-21 15:00",53
"2018-01-21 16:00",35
"2018-01-21 17:00",37
"2018-01-21 18:00",31
"2018-01-21 19:00",48
"2018-01-21 20:00",29
"2018-01-21 21:00",12
"2018-01-21 22:00",10
"2018-01-21 23:00",12
"2018-01-22 0:00",17
"2018-01-22 1:00",17
"2018-01-22 2:00",14
"2018-01-22 3:00",12
"2018-01-22 4:00",21
"2018-01-22 5:00",6
"2018-01-22 6:00",9
"2018-01-22 7:00",50
"2018-01-22 8:00",479
"2018-01-22 9:00",462
"2018-01-22 10:00",457
"2018-01-22 11:00",294
"2018-01-22 12:00",314
"2018-01-22 13:00",241
"2018-01-22 14:00",223
"2018-01-22 15:00",179
"2018-01-22 16:00",115
"2018-01-22 17:00",93
"2018-01-22 18:00",65
"2018-01-22 19:00",43
"2018-01-22 20:00",24
"2018-01-22 21:00",24
"2018-01-22 22:00",19
"2018-01-22 23:00",11
"2018-01-23 0:00",23
"2018-01-23 1:00",11
"2018-01-23 2:00",10
"2018-01-23 3:00",18
"2018-01-23 4:00",24
"2018-01-23 5:00",7
"2018-01-23 6:00",12
"2018-01-23 7:00",37
"2018-01-23 8:00",467
"2018-01-23 9:00",465
"2018-01-23 10:00",501
"2018-01-23 11:00",339
"2018-01-23 12:00",311
"2018-01-23 13:00",252
"2018-01-23 14:00",190
"2018-01-23 15:00",151
"2018-01-23 16:00",143
"2018-01-23 17:00",84
"2018-01-23 18:00",62
"2018-01-23 19:00",40
"2018-01-23 20:00",30
"2018-01-23 21:00",17
"2018-01-23 22:00",21
"2018-01-23 23:00",11
"2018-01-24 0:00",13
"2018-01-24 1:00",7
"2018-01-24 2:00",6
"2018-01-24 3:00",13
"2018-01-24 4:00",25
"2018-01-24 5:00",3
"2018-01-24 6:00",10
"2018-01-24 7:00",41
"2018-01-24 8:00",443
"2018-01-24 9:00",369
"2018-01-24 10:00",530
"2018-01-24 11:00",310
"2018-01-24 12:00",331
"2018-01-24 13:00",236
"2018-01-24 14:00",220
"2018-01-24 15:00",143
"2018-01-24 16:00",106
"2018-01-24 17:00",86
"2018-01-24 18:00",69
"2018-01-24 19:00",49
"2018-01-24 20:00",31
"2018-01-24 21:00",17
"2018-01-24 22:00",17
"2018-01-24 23:00",8
"2018-01-25 0:00",6
"2018-01-25 1:00",10
"2018-01-25 2:00",5
"2018-01-25 3:00",11
"2018-01-25 4:00",29
"2018-01-25 5:00",11
"2018-01-25 6:00",15
"2018-01-25 7:00",35
"2018-01-25 8:00",462
"2018-01-25 9:00",376
"2018-01-25 10:00",465
"2018-01-25 11:00",264
"2018-01-25 12:00",318
"2018-01-25 13:00",300
"2018-01-25 14:00",208
"2018-01-25 15:00",174
"2018-01-25 16:00",119
"2018-01-25 17:00",104
"2018-01-25 18:00",62
"2018-01-25 19:00",44
"2018-01-25 20:00",32
"2018-01-25 21:00",34
"2018-01-25 22:00",15
"2018-01-25 23:00",10
"2018-01-26 0:00",13
"2018-01-26 1:00",8
"2018-01-26 2:00",6
"2018-01-26 3:00",10
"2018-01-26 4:00",27
"2018-01-26 5:00",7
"2018-01-26 6:00",14
"2018-01-26 7:00",40
"2018-01-26 8:00",440
"2018-01-26 9:00",475
"2018-01-26 10:00",453
"2018-01-26 11:00",302
"2018-01-26 12:00",297
"2018-01-26 13:00",214
"2018-01-26 14:00",187
"2018-01-26 15:00",123
"2018-01-26 16:00",106
"2018-01-26 17:00",62
"2018-01-26 18:00",67
"2018-01-26 19:00",62
"2018-01-26 20:00",40
"2018-01-26 21:00",26
"2018-01-26 22:00",16
"2018-01-26 23:00",15
"2018-01-27 0:00",12
"2018-01-27 1:00",11
"2018-01-27 2:00",24
"2018-01-27 3:00",27
"2018-01-27 4:00",26
"2018-01-27 5:00",2
"2018-01-27 6:00",13
"2018-01-27 7:00",22
"2018-01-27 8:00",45
"2018-01-27 9:00",65
"2018-01-27 10:00",77
"2018-01-27 11:00",62
"2018-01-27 12:00",102
"2018-01-27 13:00",123
"2018-01-27 14:00",96
"2018-01-27 15:00",74
"2018-01-27 16:00",54
"2018-01-27 17:00",62
"2018-01-27 18:00",32
"2018-01-27 19:00",19
"2018-01-27 20:00",22
"2018-01-27 21:00",8
"2018-01-27 22:00",10
"2018-01-27 23:00",7
"2018-01-28 0:00",7
"2018-01-28 1:00",6
"2018-01-28 2:00",4
"2018-01-28 3:00",9
"2018-01-28 4:00",24
"2018-01-28 5:00",7
"2018-01-28 6:00",5
"2018-01-28 7:00",6
"2018-01-28 8:00",10
"2018-01-28 9:00",27
"2018-01-28 10:00",44
"2018-01-28 11:00",66
"2018-01-28 12:00",71
"2018-01-28 13:00",89
"2018-01-28 14:00",58
"2018-01-28 15:00",48
"2018-01-28 16:00",56
"2018-01-28 17:00",26
"2018-01-28 18:00",19
"2018-01-28 19:00",10
"2018-01-28 20:00",10
"2018-01-28 21:00",18
"2018-01-28 22:00",13
"2018-01-28 23:00",12
"2018-01-29 0:00",8
"2018-01-29 1:00",8
"2018-01-29 2:00",4
"2018-01-29 3:00",11
"2018-01-29 4:00",25
"2018-01-29 5:00",6
"2018-01-29 6:00",16
"2018-01-29 7:00",44
"2018-01-29 8:00",443
"2018-01-29 9:00",429
"2018-01-29 10:00",456
"2018-01-29 11:00",259
"2018-01-29 12:00",306
"2018-01-29 13:00",218
"2018-01-29 14:00",194
"2018-01-29 15:00",147
"2018-01-29 16:00",125
"2018-01-29 17:00",89
"2018-01-29 18:00",52
"2018-01-29 19:00",36
"2018-01-29 20:00",27
"2018-01-29 21:00",13
"2018-01-29 22:00",13
"2018-01-29 23:00",17
"2018-01-30 0:00",12
"2018-01-30 1:00",13
"2018-01-30 2:00",10
"2018-01-30 3:00",13
"2018-01-30 4:00",28
"2018-01-30 5:00",4
"2018-01-30 6:00",15
"2018-01-30 7:00",43
"2018-01-30 8:00",465
"2018-01-30 9:00",402
"2018-01-30 10:00",440
"2018-01-30 11:00",299
"2018-01-30 12:00",285
"2018-01-30 13:00",233
"2018-01-30 14:00",195
"2018-01-30 15:00",156
"2018-01-30 16:00",100
"2018-01-30 17:00",116
"2018-01-30 18:00",74
"2018-01-30 19:00",45
"2018-01-30 20:00",19
"2018-01-30 21:00",23
"2018-01-30 22:00",17
"2018-01-30 23:00",14
"2018-01-31 0:00",14
"2018-01-31 1:00",16
"2018-01-31 2:00",11
"2018-01-31 3:00",18
"2018-01-31 4:00",29
"2018-01-31 5:00",8
"2018-01-31 6:00",12
"2018-01-31 7:00",47
"2018-01-31 8:00",458
"2018-01-31 9:00",383
"2018-01-31 10:00",478
"2018-01-31 11:00",299
"2018-01-31 12:00",260
"2018-01-31 13:00",213
"2018-01-31 14:00",171
"2018-01-31 15:00",159
"2018-01-31 16:00",102
"2018-01-31 17:00",67
"2018-01-31 18:00",63
"2018-01-31 19:00",44
"2018-01-31 20:00",26
"2018-01-31 21:00",9
"2018-01-31 22:00",17
"2018-01-31 23:00",6
"2018-02-01 0:00",11
"2018-02-01 1:00",11
"2018-02-01 2:00",5
"2018-02-01 3:00",9
"2018-02-01 4:00",28
"2018-02-01 5:00",8
"2018-02-01 6:00",11
"2018-02-01 7:00",42
"2018-02-01 8:00",428
"2018-02-01 9:00",371
"2018-02-01 10:00",394
"2018-02-01 11:00",285
"2018-02-01 12:00",286
"2018-02-01 13:00",247
"2018-02-01 14:00",182
"2018-02-01 15:00",151
"2018-02-01 16:00",88
"2018-02-01 17:00",81
"2018-02-01 18:00",55
"2018-02-01 19:00",33
"2018-02-01 20:00",23
"2018-02-01 21:00",13
"2018-02-01 22:00",17
"2018-02-01 23:00",8
"2018-02-02 0:00",8
"2018-02-02 1:00",12
"2018-02-02 2:00",9
"2018-02-02 3:00",18
"2018-02-02 4:00",31
"2018-02-02 5:00",7
"2018-02-02 6:00",18
"2018-02-02 7:00",41
"2018-02-02 8:00",451
"2018-02-02 9:00",399
"2018-02-02 10:00",412
"2018-02-02 11:00",279
"2018-02-02 12:00",251
"2018-02-02 13:00",222
"2018-02-02 14:00",172
"2018-02-02 15:00",118
"2018-02-02 16:00",94
"2018-02-02 17:00",74
"2018-02-02 18:00",62
"2018-02-02 19:00",44
"2018-02-02 20:00",21
"2018-02-02 21:00",10
"2018-02-02 22:00",18
"2018-02-02 23:00",6
"2018-02-03 0:00",12
"2018-02-03 1:00",7
"2018-02-03 2:00",7
"2018-02-03 3:00",11
"2018-02-03 4:00",25
"2018-02-03 5:00",8
"2018-02-03 6:00",5
"2018-02-03 7:00",13
"2018-02-03 8:00",38
"2018-02-03 9:00",63
"2018-02-03 10:00",57
"2018-02-03 11:00",90
"2018-02-03 12:00",92
"2018-02-03 13:00",81
"2018-02-03 14:00",91
"2018-02-03 15:00",63
"2018-02-03 16:00",51
"2018-02-03 17:00",43
"2018-02-03 18:00",31
"2018-02-03 19:00",20
"2018-02-03 20:00",15
"2018-02-03 21:00",11
"2018-02-03 22:00",10
"2018-02-03 23:00",5
"2018-02-04 0:00",2
"2018-02-04 1:00",7
"2018-02-04 2:00",5
"2018-02-04 3:00",9
"2018-02-04 4:00",24
"2018-02-04 5:00",3
"2018-02-04 6:00",7
"2018-02-04 7:00",6
"2018-02-04 8:00",14
"2018-02-04 9:00",27
"2018-02-04 10:00",43
"2018-02-04 11:00",61
"2018-02-04 12:00",61
"2018-02-04 13:00",101
"2018-02-04 14:00",76
"2018-02-04 15:00",61
"2018-02-04 16:00",51
"2018-02-04 17:00",38
"2018-02-04 18:00",23
"2018-02-04 19:00",19
"2018-02-04 20:00",11
"2018-02-04 21:00",19
"2018-02-04 22:00",10
"2018-02-04 23:00",5
"2018-02-05 0:00",5
"2018-02-05 1:00",7
"2018-02-05 2:00",6
"2018-02-05 3:00",12
"2018-02-05 4:00",26
"2018-02-05 5:00",5
"2018-02-05 6:00",12
"2018-02-05 7:00",48
"2018-02-05 8:00",467
"2018-02-05 9:00",438
"2018-02-05 10:00",420
"2018-02-05 11:00",293
"2018-02-05 12:00",255
"2018-02-05 13:00",247
"2018-02-05 14:00",182
"2018-02-05 15:00",120
"2018-02-05 16:00",112
"2018-02-05 17:00",129
"2018-02-05 18:00",55
"2018-02-05 19:00",38
"2018-02-05 20:00",22
"2018-02-05 21:00",26
"2018-02-05 22:00",20
"2018-02-05 23:00",26
"2018-02-06 0:00",15
"2018-02-06 1:00",27
"2018-02-06 2:00",15
"2018-02-06 3:00",17
"2018-02-06 4:00",29
"2018-02-06 5:00",11
"2018-02-06 6:00",7
"2018-02-06 7:00",40
"2018-02-06 8:00",462
"2018-02-06 9:00",418
"2018-02-06 10:00",380
"2018-02-06 11:00",278
"2018-02-06 12:00",292
"2018-02-06 13:00",200
"2018-02-06 14:00",189
"2018-02-06 15:00",126
"2018-02-06 16:00",122
"2018-02-06 17:00",85
"2018-02-06 18:00",82
"2018-02-06 19:00",47
"2018-02-06 20:00",30
"2018-02-06 21:00",16
"2018-02-06 22:00",15
"2018-02-06 23:00",18
"2018-02-07 0:00",22
"2018-02-07 1:00",12
"2018-02-07 2:00",19
"2018-02-07 3:00",17
"2018-02-07 4:00",27
"2018-02-07 5:00",4
"2018-02-07 6:00",23
"2018-02-07 7:00",40
"2018-02-07 8:00",455
"2018-02-07 9:00",363
"2018-02-07 10:00",402
"2018-02-07 11:00",259
"2018-02-07 12:00",253
"2018-02-07 13:00",273
"2018-02-07 14:00",198
"2018-02-07 15:00",172
"2018-02-07 16:00",118
"2018-02-07 17:00",96
"2018-02-07 18:00",73
"2018-02-07 19:00",46
"2018-02-07 20:00",49
"2018-02-07 21:00",22
"2018-02-07 22:00",13
"2018-02-07 23:00",10
"2018-02-08 0:00",17
"2018-02-08 1:00",13
"2018-02-08 2:00",10
"2018-02-08 3:00",15
"2018-02-08 4:00",33
"2018-02-08 5:00",9
"2018-02-08 6:00",9
"2018-02-08 7:00",51
"2018-02-08 8:00",443
"2018-02-08 9:00",385
"2018-02-08 10:00",395
"2018-02-08 11:00",282
"2018-02-08 12:00",292
"2018-02-08 13:00",222
"2018-02-08 14:00",153
"2018-02-08 15:00",151
"2018-02-08 16:00",101
"2018-02-08 17:00",87
"2018-02-08 18:00",71
"2018-02-08 19:00",33
"2018-02-08 20:00",29
"2018-02-08 21:00",23
"2018-02-08 22:00",25
"2018-02-08 23:00",3
"2018-02-09 0:00",22
"2018-02-09 1:00",19
"2018-02-09 2:00",8
"2018-02-09 3:00",15
"2018-02-09 4:00",25
"2018-02-09 5:00",6
"2018-02-09 6:00",16
"2018-02-09 7:00",48
"2018-02-09 8:00",446
"2018-02-09 9:00",413
"2018-02-09 10:00",399
"2018-02-09 11:00",253
"2018-02-09 12:00",275
"2018-02-09 13:00",240
"2018-02-09 14:00",214
"2018-02-09 15:00",161
"2018-02-09 16:00",186
"2018-02-09 17:00",102
"2018-02-09 18:00",63
"2018-02-09 19:00",29
"2018-02-09 20:00",28
"2018-02-09 21:00",14
"2018-02-09 22:00",5
"2018-02-09 23:00",6
"2018-02-10 0:00",10
"2018-02-10 1:00",11
"2018-02-10 2:00",9
"2018-02-10 3:00",9
"2018-02-10 4:00",41
"2018-02-10 5:00",4
"2018-02-10 6:00",6
"2018-02-10 7:00",16
"2018-02-10 8:00",48
"2018-02-10 9:00",74
"2018-02-10 10:00",68
"2018-02-10 11:00",93
"2018-02-10 12:00",92
"2018-02-10 13:00",89
"2018-02-10 14:00",84
"2018-02-10 15:00",64
"2018-02-10 16:00",58
"2018-02-10 17:00",40
"2018-02-10 18:00",32
"2018-02-10 19:00",25
"2018-02-10 20:00",19
"2018-02-10 21:00",14
"2018-02-10 22:00",13
"2018-02-10 23:00",6
"2018-02-11 0:00",5
"2018-02-11 1:00",2
"2018-02-11 2:00",3
"2018-02-11 3:00",7
"2018-02-11 4:00",36
"2018-02-11 5:00",7
"2018-02-11 6:00",2
"2018-02-11 7:00",10
"2018-02-11 8:00",9
"2018-02-11 9:00",17
"2018-02-11 10:00",41
"2018-02-11 11:00",54
"2018-02-11 12:00",58
"2018-02-11 13:00",80
"2018-02-11 14:00",65
"2018-02-11 15:00",50
"2018-02-11 16:00",40
"2018-02-11 17:00",37
"2018-02-11 18:00",26
"2018-02-11 19:00",18
"2018-02-11 20:00",20
"2018-02-11 21:00",13
"2018-02-11 22:00",9
"2018-02-11 23:00",9
"2018-02-12 0:00",7
"2018-02-12 1:00",10
"2018-02-12 2:00",8
"2018-02-12 3:00",15
"2018-02-12 4:00",27
"2018-02-12 5:00",9
"2018-02-12 6:00",8
"2018-02-12 7:00",8
"2018-02-12 8:00",18
"2018-02-12 9:00",63
"2018-02-12 10:00",84
"2018-02-12 11:00",95
"2018-02-12 12:00",99
"2018-02-12 13:00",97
"2018-02-12 14:00",71
"2018-02-12 15:00",58
"2018-02-12 16:00",56
"2018-02-12 17:00",30
"2018-02-12 18:00",34
"2018-02-12 19:00",30
"2018-02-12 20:00",30
"2018-02-12 21:00",19
"2018-02-12 22:00",7
"2018-02-12 23:00",12
"2018-02-13 0:00",16
"2018-02-13 1:00",13
"2018-02-13 2:00",6
"2018-02-13 3:00",13
"2018-02-13 4:00",39
"2018-02-13 5:00",10
"2018-02-13 6:00",16
"2018-02-13 7:00",46
"2018-02-13 8:00",491
"2018-02-13 9:00",420
"2018-02-13 10:00",471
"2018-02-13 11:00",311
"2018-02-13 12:00",246
"2018-02-13 13:00",262
"2018-02-13 14:00",269
"2018-02-13 15:00",170
"2018-02-13 16:00",167
"2018-02-13 17:00",138
"2018-02-13 18:00",64
"2018-02-13 19:00",70
"2018-02-13 20:00",30
"2018-02-13 21:00",20
"2018-02-13 22:00",23
"2018-02-13 23:00",14
"2018-02-14 0:00",27
"2018-02-14 1:00",23
"2018-02-14 2:00",12
"2018-02-14 3:00",13
"2018-02-14 4:00",41
"2018-02-14 5:00",7
"2018-02-14 6:00",12
"2018-02-14 7:00",57
"2018-02-14 8:00",462
"2018-02-14 9:00",420
"2018-02-14 10:00",389
"2018-02-14 11:00",302
"2018-02-14 12:00",326
"2018-02-14 13:00",259
"2018-02-14 14:00",218
"2018-02-14 15:00",151
"2018-02-14 16:00",141
"2018-02-14 17:00",96
"2018-02-14 18:00",1
"2018-02-14 19:00",1
"2018-02-14 21:00",139
"2018-02-14 22:00",30
"2018-02-14 23:00",16
"2018-02-15 0:00",13
"2018-02-15 1:00",16
"2018-02-15 2:00",8
"2018-02-15 3:00",10
"2018-02-15 4:00",35
"2018-02-15 5:00",8
"2018-02-15 6:00",15
"2018-02-15 7:00",40
"2018-02-15 8:00",453
"2018-02-15 9:00",415
"2018-02-15 10:00",381
"2018-02-15 11:00",283
"2018-02-15 12:00",246
"2018-02-15 13:00",255
"2018-02-15 14:00",179
"2018-02-15 15:00",295
"2018-02-15 16:00",297
"2018-02-15 17:00",151
"2018-02-15 18:00",45
"2018-02-15 19:00",34
"2018-02-15 20:00",27
"2018-02-15 21:00",34
"2018-02-15 22:00",32
"2018-02-15 23:00",14
"2018-02-16 0:00",19
"2018-02-16 1:00",9
"2018-02-16 2:00",19
"2018-02-16 3:00",18
"2018-02-16 4:00",37
"2018-02-16 5:00",8
"2018-02-16 6:00",17
"2018-02-16 7:00",64
"2018-02-16 8:00",478
"2018-02-16 9:00",498
"2018-02-16 10:00",453
"2018-02-16 11:00",344
"2018-02-16 12:00",305
"2018-02-16 13:00",229
"2018-02-16 14:00",226
"2018-02-16 15:00",235
"2018-02-16 16:00",171
"2018-02-16 17:00",168
"2018-02-16 18:00",120
"2018-02-16 19:00",49
"2018-02-16 20:00",59
"2018-02-16 21:00",46
"2018-02-16 22:00",52
"2018-02-16 23:00",20
"2018-02-17 0:00",67
"2018-02-17 1:00",72
"2018-02-17 2:00",39
"2018-02-17 3:00",63
"2018-02-17 4:00",68
"2018-02-17 5:00",57
"2018-02-17 6:00",48
"2018-02-17 7:00",117
"2018-02-17 8:00",138
"2018-02-17 9:00",168
"2018-02-17 10:00",154
"2018-02-17 11:00",146
"2018-02-17 12:00",145
"2018-02-17 13:00",184
"2018-02-17 14:00",257
"2018-02-17 15:00",291
"2018-02-17 16:00",176
"2018-02-17 17:00",128
"2018-02-17 18:00",115
"2018-02-17 19:00",91
"2018-02-17 20:00",121
"2018-02-17 21:00",137
"2018-02-17 22:00",243
"2018-02-17 23:00",152
"2018-02-18 0:00",124
"2018-02-18 1:00",95
"2018-02-18 2:00",91
"2018-02-18 3:00",116
"2018-02-18 4:00",124
"2018-02-18 5:00",212
"2018-02-18 6:00",98
"2018-02-18 7:00",110
"2018-02-18 8:00",99
"2018-02-18 9:00",154
"2018-02-18 10:00",156
"2018-02-18 11:00",125
"2018-02-18 12:00",121
"2018-02-18 13:00",162
"2018-02-18 14:00",122
"2018-02-18 15:00",121
"2018-02-18 16:00",138
"2018-02-18 17:00",100
"2018-02-18 18:00",121
"2018-02-18 19:00",116
"2018-02-18 20:00",85
"2018-02-18 21:00",81
"2018-02-18 22:00",87
"2018-02-18 23:00",79
"2018-02-19 0:00",83
"2018-02-19 1:00",83
"2018-02-19 2:00",84
"2018-02-19 3:00",91
"2018-02-19 4:00",144
"2018-02-19 5:00",101
"2018-02-19 6:00",86
"2018-02-19 7:00",104
"2018-02-19 8:00",565
"2018-02-19 9:00",418
"2018-02-19 10:00",525
"2018-02-19 11:00",385
"2018-02-19 12:00",315
"2018-02-19 13:00",351
"2018-02-19 14:00",210
"2018-02-19 15:00",158
"2018-02-19 16:00",86
"2018-02-19 17:00",105
"2018-02-19 18:00",92
"2018-02-19 19:00",57
"2018-02-19 20:00",37
"2018-02-19 21:00",12
"2018-02-19 22:00",19
"2018-02-19 23:00",15
"2018-02-20 0:00",11
"2018-02-20 1:00",22
"2018-02-20 2:00",12
"2018-02-20 3:00",15
"2018-02-20 4:00",34
"2018-02-20 5:00",6
"2018-02-20 6:00",15
"2018-02-20 7:00",53
"2018-02-20 8:00",500
"2018-02-20 9:00",487
"2018-02-20 10:00",356
"2018-02-20 11:00",251
"2018-02-20 12:00",273
"2018-02-20 13:00",214
"2018-02-20 14:00",177
"2018-02-20 15:00",144
"2018-02-20 16:00",146
"2018-02-20 17:00",73
"2018-02-20 18:00",57
"2018-02-20 19:00",35
"2018-02-20 20:00",20
"2018-02-20 21:00",15
"2018-02-20 22:00",18
"2018-02-20 23:00",20
"2018-02-21 0:00",11
"2018-02-21 1:00",4
"2018-02-21 2:00",8
"2018-02-21 3:00",12
"2018-02-21 4:00",38
"2018-02-21 5:00",10
"2018-02-21 6:00",10
"2018-02-21 7:00",30
"2018-02-21 8:00",470
"2018-02-21 9:00",344
"2018-02-21 10:00",408
"2018-02-21 11:00",279
"2018-02-21 12:00",239
"2018-02-21 13:00",170
"2018-02-21 14:00",150
"2018-02-21 15:00",116
"2018-02-21 16:00",99
"2018-02-21 17:00",77
"2018-02-21 18:00",57
"2018-02-21 19:00",42
"2018-02-21 20:00",31
"2018-02-21 21:00",19
"2018-02-21 22:00",10
"2018-02-21 23:00",8
"2018-02-22 0:00",13
"2018-02-22 1:00",23
"2018-02-22 2:00",9
"2018-02-22 3:00",13
"2018-02-22 4:00",27
"2018-02-22 5:00",8
"2018-02-22 6:00",11
"2018-02-22 7:00",42
"2018-02-22 8:00",443
"2018-02-22 9:00",375
"2018-02-22 10:00",347
"2018-02-22 11:00",252
"2018-02-22 12:00",236
"2018-02-22 13:00",191
"2018-02-22 14:00",121
"2018-02-22 15:00",130
"2018-02-22 16:00",106
"2018-02-22 17:00",75
"2018-02-22 18:00",50
"2018-02-22 19:00",33
"2018-02-22 20:00",26
"2018-02-22 21:00",25
"2018-02-22 22:00",21
"2018-02-22 23:00",14
"2018-02-23 0:00",8
"2018-02-23 1:00",13
"2018-02-23 2:00",8
"2018-02-23 3:00",18
"2018-02-23 4:00",40
"2018-02-23 5:00",3
"2018-02-23 6:00",15
"2018-02-23 7:00",48
"2018-02-23 8:00",446
"2018-02-23 9:00",395
"2018-02-23 10:00",386
"2018-02-23 11:00",227
"2018-02-23 12:00",215
"2018-02-23 13:00",206
"2018-02-23 14:00",153
"2018-02-23 15:00",111
"2018-02-23 16:00",104
"2018-02-23 17:00",108
"2018-02-23 18:00",49
"2018-02-23 19:00",37
"2018-02-23 20:00",20
"2018-02-23 21:00",15
"2018-02-23 22:00",15
"2018-02-23 23:00",11
"2018-02-24 0:00",8
"2018-02-24 1:00",4
"2018-02-24 2:00",6
"2018-02-24 3:00",9
"2018-02-24 4:00",30
"2018-02-24 5:00",3
"2018-02-24 6:00",4
"2018-02-24 7:00",15
"2018-02-24 8:00",25
"2018-02-24 9:00",66
"2018-02-24 10:00",59
"2018-02-24 11:00",62
"2018-02-24 12:00",63
"2018-02-24 13:00",70
"2018-02-24 14:00",69
"2018-02-24 15:00",51
"2018-02-24 16:00",37
"2018-02-24 17:00",38
"2018-02-24 18:00",22
"2018-02-24 19:00",16
"2018-02-24 20:00",14
"2018-02-24 21:00",14
"2018-02-24 22:00",7
"2018-02-24 23:00",8
"2018-02-25 0:00",2
"2018-02-25 1:00",9
"2018-02-25 2:00",3
"2018-02-25 3:00",10
"2018-02-25 4:00",32
"2018-02-25 5:00",9
"2018-02-25 6:00",21
"2018-02-25 7:00",44
"2018-02-25 8:00",42
"2018-02-25 9:00",22
"2018-02-25 10:00",47
"2018-02-25 11:00",44
"2018-02-25 12:00",70
"2018-02-25 13:00",54
"2018-02-25 14:00",48
"2018-02-25 15:00",52
"2018-02-25 16:00",29
"2018-02-25 17:00",53
"2018-02-25 18:00",49
"2018-02-25 19:00",14
"2018-02-25 20:00",10
"2018-02-25 21:00",11
"2018-02-25 22:00",10
"2018-02-25 23:00",8
"2018-02-26 0:00",7
"2018-02-26 1:00",7
"2018-02-26 2:00",5
"2018-02-26 3:00",7
"2018-02-26 4:00",27
"2018-02-26 5:00",5
"2018-02-26 6:00",9
"2018-02-26 7:00",33
"2018-02-26 8:00",439
"2018-02-26 9:00",357
"2018-02-26 10:00",358
"2018-02-26 11:00",227
"2018-02-26 12:00",226
"2018-02-26 13:00",223
"2018-02-26 14:00",140
"2018-02-26 15:00",30
