day,date-time,number
Wed,2017/11/1 0:00,10
Wed,2017/11/1 1:00,6
Wed,2017/11/1 2:00,4
Wed,2017/11/1 3:00,12
Wed,2017/11/1 4:00,24
Wed,2017/11/1 5:00,5
Wed,2017/11/1 6:00,13
Wed,2017/11/1 7:00,38
Wed,2017/11/1 8:00,481
Wed,2017/11/1 9:00,386
Wed,2017/11/1 10:00,480
Wed,2017/11/1 11:00,283
Wed,2017/11/1 12:00,283
Wed,2017/11/1 13:00,209
Wed,2017/11/1 14:00,204
Wed,2017/11/1 15:00,147
Wed,2017/11/1 16:00,109
Wed,2017/11/1 17:00,88
Wed,2017/11/1 18:00,51
Wed,2017/11/1 19:00,44
Wed,2017/11/1 20:00,31
Wed,2017/11/1 21:00,12
Wed,2017/11/1 22:00,17
Wed,2017/11/1 23:00,16
Thu,2017/11/2 0:00,12
Thu,2017/11/2 1:00,5
Thu,2017/11/2 2:00,5
Thu,2017/11/2 3:00,7
Thu,2017/11/2 4:00,32
Thu,2017/11/2 5:00,3
Thu,2017/11/2 6:00,12
Thu,2017/11/2 7:00,36
Thu,2017/11/2 8:00,461
Thu,2017/11/2 9:00,360
Thu,2017/11/2 10:00,373
Thu,2017/11/2 11:00,237
Thu,2017/11/2 12:00,254
Thu,2017/11/2 13:00,209
Thu,2017/11/2 14:00,160
Thu,2017/11/2 15:00,156
Thu,2017/11/2 16:00,119
Thu,2017/11/2 17:00,79
Thu,2017/11/2 18:00,49
Thu,2017/11/2 19:00,29
Thu,2017/11/2 20:00,28
Thu,2017/11/2 21:00,16
Thu,2017/11/2 22:00,11
Thu,2017/11/2 23:00,14
Fri,2017/11/3 0:00,6
Fri,2017/11/3 1:00,5
Fri,2017/11/3 2:00,4
Fri,2017/11/3 3:00,7
Fri,2017/11/3 4:00,25
Fri,2017/11/3 5:00,4
Fri,2017/11/3 6:00,8
Fri,2017/11/3 7:00,17
Fri,2017/11/3 8:00,44
Fri,2017/11/3 9:00,93
Fri,2017/11/3 10:00,94
Fri,2017/11/3 11:00,87
Fri,2017/11/3 12:00,104
Fri,2017/11/3 13:00,83
Fri,2017/11/3 14:00,77
Fri,2017/11/3 15:00,75
Fri,2017/11/3 16:00,55
Fri,2017/11/3 17:00,37
Fri,2017/11/3 18:00,38
Fri,2017/11/3 19:00,16
Fri,2017/11/3 20:00,16
Fri,2017/11/3 21:00,7
Fri,2017/11/3 22:00,10
Fri,2017/11/3 23:00,6
Sat,2017/11/4 0:00,7
Sat,2017/11/4 1:00,7
Sat,2017/11/4 2:00,6
Sat,2017/11/4 3:00,6
Sat,2017/11/4 4:00,22
Sat,2017/11/4 5:00,1
Sat,2017/11/4 6:00,9
Sat,2017/11/4 7:00,8
Sat,2017/11/4 8:00,32
Sat,2017/11/4 9:00,62
Sat,2017/11/4 10:00,62
Sat,2017/11/4 11:00,58
Sat,2017/11/4 12:00,69
Sat,2017/11/4 13:00,81
Sat,2017/11/4 14:00,59
Sat,2017/11/4 15:00,56
Sat,2017/11/4 16:00,40
Sat,2017/11/4 17:00,29
Sat,2017/11/4 18:00,30
Sat,2017/11/4 19:00,16
Sat,2017/11/4 20:00,17
Sat,2017/11/4 21:00,5
Sat,2017/11/4 22:00,5
Sat,2017/11/4 23:00,2
Sun,2017/11/5 0:00,6
Sun,2017/11/5 1:00,4
Sun,2017/11/5 2:00,4
Sun,2017/11/5 3:00,5
Sun,2017/11/5 4:00,27
Sun,2017/11/5 5:00,2
Sun,2017/11/5 6:00,5
Sun,2017/11/5 7:00,4
Sun,2017/11/5 8:00,18
Sun,2017/11/5 9:00,25
Sun,2017/11/5 10:00,43
Sun,2017/11/5 11:00,46
Sun,2017/11/5 12:00,66
Sun,2017/11/5 13:00,62
Sun,2017/11/5 14:00,53
Sun,2017/11/5 15:00,56
Sun,2017/11/5 16:00,44
Sun,2017/11/5 17:00,32
Sun,2017/11/5 18:00,11
Sun,2017/11/5 19:00,9
Sun,2017/11/5 20:00,9
Sun,2017/11/5 21:00,9
Sun,2017/11/5 22:00,1
Sun,2017/11/5 23:00,3
Mon,2017/11/6 0:00,3
Mon,2017/11/6 1:00,8
Mon,2017/11/6 2:00,4
Mon,2017/11/6 3:00,11
Mon,2017/11/6 4:00,33
Mon,2017/11/6 5:00,1
Mon,2017/11/6 6:00,13
Mon,2017/11/6 7:00,56
Mon,2017/11/6 8:00,472
Mon,2017/11/6 9:00,373
Mon,2017/11/6 10:00,494
Mon,2017/11/6 11:00,245
Mon,2017/11/6 12:00,298
Mon,2017/11/6 13:00,249
Mon,2017/11/6 14:00,176
Mon,2017/11/6 15:00,133
Mon,2017/11/6 16:00,104
Mon,2017/11/6 17:00,73
Mon,2017/11/6 18:00,51
Mon,2017/11/6 19:00,24
Mon,2017/11/6 20:00,32
Mon,2017/11/6 21:00,10
Mon,2017/11/6 22:00,14
Mon,2017/11/6 23:00,10
Tue,2017/11/7 0:00,16
Tue,2017/11/7 1:00,8
Tue,2017/11/7 2:00,11
Tue,2017/11/7 3:00,11
Tue,2017/11/7 4:00,29
Tue,2017/11/7 5:00,2
Tue,2017/11/7 6:00,16
Tue,2017/11/7 7:00,47
Tue,2017/11/7 8:00,482
Tue,2017/11/7 9:00,386
Tue,2017/11/7 10:00,435
Tue,2017/11/7 11:00,290
Tue,2017/11/7 12:00,318
Tue,2017/11/7 13:00,245
Tue,2017/11/7 14:00,215
Tue,2017/11/7 15:00,137
Tue,2017/11/7 16:00,107
Tue,2017/11/7 17:00,71
Tue,2017/11/7 18:00,62
Tue,2017/11/7 19:00,40
Tue,2017/11/7 20:00,24
Tue,2017/11/7 21:00,17
Tue,2017/11/7 22:00,15
Tue,2017/11/7 23:00,6
Wed,2017/11/8 0:00,8
Wed,2017/11/8 1:00,6
Wed,2017/11/8 2:00,5
Wed,2017/11/8 3:00,9
Wed,2017/11/8 4:00,31
Wed,2017/11/8 5:00,3
Wed,2017/11/8 6:00,11
Wed,2017/11/8 7:00,43
Wed,2017/11/8 8:00,415
Wed,2017/11/8 9:00,384
Wed,2017/11/8 10:00,465
Wed,2017/11/8 11:00,279
Wed,2017/11/8 12:00,313
Wed,2017/11/8 13:00,246
Wed,2017/11/8 14:00,159
Wed,2017/11/8 15:00,132
Wed,2017/11/8 16:00,128
Wed,2017/11/8 17:00,72
Wed,2017/11/8 18:00,57
Wed,2017/11/8 19:00,43
Wed,2017/11/8 20:00,29
Wed,2017/11/8 21:00,21
Wed,2017/11/8 22:00,14
Wed,2017/11/8 23:00,9
Thu,2017/11/9 0:00,15
Thu,2017/11/9 1:00,14
Thu,2017/11/9 2:00,5
Thu,2017/11/9 3:00,12
Thu,2017/11/9 4:00,28
Thu,2017/11/9 5:00,1
Thu,2017/11/9 6:00,15
Thu,2017/11/9 7:00,45
Thu,2017/11/9 8:00,487
Thu,2017/11/9 9:00,417
Thu,2017/11/9 10:00,472
Thu,2017/11/9 11:00,254
Thu,2017/11/9 12:00,329
Thu,2017/11/9 13:00,243
Thu,2017/11/9 14:00,195
Thu,2017/11/9 15:00,141
Thu,2017/11/9 16:00,128
Thu,2017/11/9 17:00,58
Thu,2017/11/9 18:00,48
Thu,2017/11/9 19:00,34
Thu,2017/11/9 20:00,41
Thu,2017/11/9 21:00,28
Thu,2017/11/9 22:00,14
Thu,2017/11/9 23:00,13
Fri,2017/11/10 0:00,16
Fri,2017/11/10 1:00,13
Fri,2017/11/10 2:00,9
Fri,2017/11/10 3:00,18
Fri,2017/11/10 4:00,27
Fri,2017/11/10 5:00,11
Fri,2017/11/10 6:00,5
Fri,2017/11/10 7:00,39
Fri,2017/11/10 8:00,461
Fri,2017/11/10 9:00,381
Fri,2017/11/10 10:00,440
Fri,2017/11/10 11:00,275
Fri,2017/11/10 12:00,319
Fri,2017/11/10 13:00,195
Fri,2017/11/10 14:00,197
Fri,2017/11/10 15:00,139
Fri,2017/11/10 16:00,121
Fri,2017/11/10 17:00,84
Fri,2017/11/10 18:00,66
Fri,2017/11/10 19:00,32
Fri,2017/11/10 20:00,20
Fri,2017/11/10 21:00,6
Fri,2017/11/10 22:00,11
Fri,2017/11/10 23:00,13
Sat,2017/11/11 0:00,11
Sat,2017/11/11 1:00,3
Sat,2017/11/11 2:00,3
Sat,2017/11/11 3:00,9
Sat,2017/11/11 4:00,36
Sat,2017/11/11 5:00,2
Sat,2017/11/11 6:00,6
Sat,2017/11/11 7:00,9
Sat,2017/11/11 8:00,30
Sat,2017/11/11 9:00,94
Sat,2017/11/11 10:00,71
Sat,2017/11/11 11:00,58
Sat,2017/11/11 12:00,88
Sat,2017/11/11 13:00,85
Sat,2017/11/11 14:00,61
Sat,2017/11/11 15:00,59
Sat,2017/11/11 16:00,31
Sat,2017/11/11 17:00,37
Sat,2017/11/11 18:00,33
Sat,2017/11/11 19:00,19
Sat,2017/11/11 20:00,11
Sat,2017/11/11 21:00,7
Sat,2017/11/11 22:00,7
Sat,2017/11/11 23:00,3
Sun,2017/11/12 0:00,7
Sun,2017/11/12 1:00,2
Sun,2017/11/12 2:00,2
Sun,2017/11/12 3:00,8
Sun,2017/11/12 4:00,29
Sun,2017/11/12 5:00,4
Sun,2017/11/12 6:00,5
Sun,2017/11/12 7:00,3
Sun,2017/11/12 8:00,9
Sun,2017/11/12 9:00,26
Sun,2017/11/12 10:00,35
Sun,2017/11/12 11:00,40
Sun,2017/11/12 12:00,43
Sun,2017/11/12 13:00,58
Sun,2017/11/12 14:00,50
Sun,2017/11/12 15:00,50
Sun,2017/11/12 16:00,38
Sun,2017/11/12 17:00,25
Sun,2017/11/12 18:00,23
Sun,2017/11/12 19:00,18
Sun,2017/11/12 20:00,17
Sun,2017/11/12 21:00,12
Sun,2017/11/12 22:00,7
Sun,2017/11/12 23:00,4
Mon,2017/11/13 0:00,7
Mon,2017/11/13 1:00,2
Mon,2017/11/13 2:00,2
Mon,2017/11/13 3:00,12
Mon,2017/11/13 4:00,23
Mon,2017/11/13 5:00,5
Mon,2017/11/13 6:00,14
Mon,2017/11/13 7:00,46
Mon,2017/11/13 8:00,479
Mon,2017/11/13 9:00,402
Mon,2017/11/13 10:00,498
Mon,2017/11/13 11:00,298
Mon,2017/11/13 12:00,283
Mon,2017/11/13 13:00,251
Mon,2017/11/13 14:00,160
Mon,2017/11/13 15:00,130
Mon,2017/11/13 16:00,121
Mon,2017/11/13 17:00,78
Mon,2017/11/13 18:00,72
Mon,2017/11/13 19:00,26
Mon,2017/11/13 20:00,27
Mon,2017/11/13 21:00,17
Mon,2017/11/13 22:00,15
Mon,2017/11/13 23:00,11
Tue,2017/11/14 0:00,9
Tue,2017/11/14 1:00,5
Tue,2017/11/14 2:00,4
Tue,2017/11/14 3:00,12
Tue,2017/11/14 4:00,29
Tue,2017/11/14 5:00,1
Tue,2017/11/14 6:00,15
Tue,2017/11/14 7:00,50
Tue,2017/11/14 8:00,472
Tue,2017/11/14 9:00,374
Tue,2017/11/14 10:00,424
Tue,2017/11/14 11:00,290
Tue,2017/11/14 12:00,324
Tue,2017/11/14 13:00,233
Tue,2017/11/14 14:00,204
Tue,2017/11/14 15:00,195
Tue,2017/11/14 16:00,122
Tue,2017/11/14 17:00,92
Tue,2017/11/14 18:00,63
Tue,2017/11/14 19:00,19
Tue,2017/11/14 20:00,17
Tue,2017/11/14 21:00,11
Tue,2017/11/14 22:00,14
Tue,2017/11/14 23:00,10
Wed,2017/11/15 0:00,12
Wed,2017/11/15 1:00,5
Wed,2017/11/15 2:00,5
Wed,2017/11/15 3:00,6
Wed,2017/11/15 4:00,29
Wed,2017/11/15 5:00,6
Wed,2017/11/15 6:00,11
Wed,2017/11/15 7:00,41
Wed,2017/11/15 8:00,481
Wed,2017/11/15 9:00,363
Wed,2017/11/15 10:00,493
Wed,2017/11/15 11:00,289
Wed,2017/11/15 12:00,337
Wed,2017/11/15 13:00,256
Wed,2017/11/15 14:00,186
Wed,2017/11/15 15:00,147
Wed,2017/11/15 16:00,110
Wed,2017/11/15 17:00,71
Wed,2017/11/15 18:00,64
Wed,2017/11/15 19:00,39
Wed,2017/11/15 20:00,22
Wed,2017/11/15 21:00,16
Wed,2017/11/15 22:00,16
Wed,2017/11/15 23:00,15
Thu,2017/11/16 0:00,11
Thu,2017/11/16 1:00,11
Thu,2017/11/16 2:00,9
Thu,2017/11/16 3:00,19
Thu,2017/11/16 4:00,32
Thu,2017/11/16 5:00,9
Thu,2017/11/16 6:00,15
Thu,2017/11/16 7:00,42
Thu,2017/11/16 8:00,471
Thu,2017/11/16 9:00,372
Thu,2017/11/16 10:00,421
Thu,2017/11/16 11:00,294
Thu,2017/11/16 12:00,323
Thu,2017/11/16 13:00,212
Thu,2017/11/16 14:00,200
Thu,2017/11/16 15:00,141
Thu,2017/11/16 16:00,131
Thu,2017/11/16 17:00,76
Thu,2017/11/16 18:00,58
Thu,2017/11/16 19:00,36
Thu,2017/11/16 20:00,22
Thu,2017/11/16 21:00,19
Thu,2017/11/16 22:00,10
Thu,2017/11/16 23:00,11
Fri,2017/11/17 0:00,11
Fri,2017/11/17 1:00,6
Fri,2017/11/17 2:00,8
Fri,2017/11/17 3:00,11
Fri,2017/11/17 4:00,27
Fri,2017/11/17 5:00,3
Fri,2017/11/17 6:00,9
Fri,2017/11/17 7:00,42
Fri,2017/11/17 8:00,459
Fri,2017/11/17 9:00,358
Fri,2017/11/17 10:00,447
Fri,2017/11/17 11:00,265
Fri,2017/11/17 12:00,332
Fri,2017/11/17 13:00,221
Fri,2017/11/17 14:00,161
Fri,2017/11/17 15:00,148
Fri,2017/11/17 16:00,112
Fri,2017/11/17 17:00,90
Fri,2017/11/17 18:00,64
Fri,2017/11/17 19:00,31
Fri,2017/11/17 20:00,15
Fri,2017/11/17 21:00,17
Fri,2017/11/17 22:00,12
Fri,2017/11/17 23:00,4
Sat,2017/11/18 0:00,6
Sat,2017/11/18 1:00,4
Sat,2017/11/18 2:00,1
Sat,2017/11/18 3:00,8
Sat,2017/11/18 4:00,26
Sat,2017/11/18 5:00,5
Sat,2017/11/18 6:00,6
Sat,2017/11/18 7:00,15
Sat,2017/11/18 8:00,59
Sat,2017/11/18 9:00,75
Sat,2017/11/18 10:00,100
Sat,2017/11/18 11:00,61
Sat,2017/11/18 12:00,81
Sat,2017/11/18 13:00,95
Sat,2017/11/18 14:00,90
Sat,2017/11/18 15:00,53
Sat,2017/11/18 16:00,39
Sat,2017/11/18 17:00,42
Sat,2017/11/18 18:00,22
Sun,2017/11/19 18:00,641
Sun,2017/11/19 19:00,45
Sun,2017/11/19 20:00,45
Sun,2017/11/19 21:00,20
Sun,2017/11/19 22:00,10
Sun,2017/11/19 23:00,13
Mon,2017/11/20 0:00,10
Mon,2017/11/20 1:00,5
Mon,2017/11/20 2:00,2
Mon,2017/11/20 3:00,9
Mon,2017/11/20 4:00,41
Mon,2017/11/20 5:00,47
Mon,2017/11/20 6:00,40
Mon,2017/11/20 7:00,78
Mon,2017/11/20 8:00,594
Mon,2017/11/20 9:00,512
Mon,2017/11/20 10:00,582
Mon,2017/11/20 11:00,348
Mon,2017/11/20 12:00,312
Mon,2017/11/20 13:00,311
Mon,2017/11/20 14:00,208
Mon,2017/11/20 15:00,172
Mon,2017/11/20 16:00,162
Mon,2017/11/20 17:00,111
Mon,2017/11/20 18:00,70
Mon,2017/11/20 19:00,48
Mon,2017/11/20 20:00,51
Mon,2017/11/20 21:00,42
Mon,2017/11/20 22:00,51
Mon,2017/11/20 23:00,60
Tue,2017/11/21 0:00,75
Tue,2017/11/21 1:00,57
Tue,2017/11/21 2:00,58
Tue,2017/11/21 3:00,62
Tue,2017/11/21 4:00,29
Tue,2017/11/21 5:00,7
Tue,2017/11/21 6:00,16
Tue,2017/11/21 7:00,48
Tue,2017/11/21 8:00,528
Tue,2017/11/21 9:00,411
Tue,2017/11/21 10:00,493
Tue,2017/11/21 11:00,302
Tue,2017/11/21 12:00,302
Tue,2017/11/21 13:00,257
Tue,2017/11/21 14:00,238
Tue,2017/11/21 15:00,203
Tue,2017/11/21 16:00,182
Tue,2017/11/21 17:00,330
Tue,2017/11/21 18:00,129
Tue,2017/11/21 19:00,77
Tue,2017/11/21 20:00,75
Tue,2017/11/21 21:00,18
Tue,2017/11/21 22:00,11
Tue,2017/11/21 23:00,5
Wed,2017/11/22 0:00,7
Wed,2017/11/22 1:00,12
Wed,2017/11/22 2:00,4
Wed,2017/11/22 3:00,8
Wed,2017/11/22 4:00,31
Wed,2017/11/22 5:00,5
Wed,2017/11/22 6:00,13
Wed,2017/11/22 7:00,42
Wed,2017/11/22 8:00,471
Wed,2017/11/22 9:00,374
Wed,2017/11/22 10:00,515
Wed,2017/11/22 11:00,310
Wed,2017/11/22 12:00,332
Wed,2017/11/22 13:00,258
Wed,2017/11/22 14:00,169
Wed,2017/11/22 15:00,149
Wed,2017/11/22 16:00,135
Wed,2017/11/22 17:00,103
Wed,2017/11/22 18:00,105
Wed,2017/11/22 19:00,78
Wed,2017/11/22 20:00,66
Wed,2017/11/22 21:00,51
Wed,2017/11/22 22:00,57
Wed,2017/11/22 23:00,45
Thu,2017/11/23 0:00,78
Thu,2017/11/23 1:00,37
Thu,2017/11/23 2:00,65
Thu,2017/11/23 3:00,27
Thu,2017/11/23 4:00,30
Thu,2017/11/23 5:00,5
Thu,2017/11/23 6:00,9
Thu,2017/11/23 7:00,6
Thu,2017/11/23 8:00,26
Thu,2017/11/23 9:00,56
Thu,2017/11/23 10:00,71
Thu,2017/11/23 11:00,81
Thu,2017/11/23 12:00,105
Thu,2017/11/23 13:00,89
Thu,2017/11/23 14:00,73
Thu,2017/11/23 15:00,50
Thu,2017/11/23 16:00,39
Thu,2017/11/23 17:00,40
Thu,2017/11/23 18:00,25
Thu,2017/11/23 19:00,20
Thu,2017/11/23 20:00,13
Thu,2017/11/23 21:00,7
Thu,2017/11/23 22:00,8
Thu,2017/11/23 23:00,7
Fri,2017/11/24 0:00,5
Fri,2017/11/24 1:00,10
Fri,2017/11/24 2:00,7
Fri,2017/11/24 3:00,15
Fri,2017/11/24 4:00,33
Fri,2017/11/24 5:00,7
Fri,2017/11/24 6:00,24
Fri,2017/11/24 7:00,45
Fri,2017/11/24 8:00,436
Fri,2017/11/24 9:00,361
Fri,2017/11/24 10:00,535
Fri,2017/11/24 11:00,284
Fri,2017/11/24 12:00,279
Fri,2017/11/24 13:00,238
Fri,2017/11/24 14:00,174
Fri,2017/11/24 15:00,119
Fri,2017/11/24 16:00,110
Fri,2017/11/24 17:00,131
Fri,2017/11/24 18:00,88
Fri,2017/11/24 19:00,45
Fri,2017/11/24 20:00,23
Fri,2017/11/24 21:00,14
Fri,2017/11/24 22:00,11
Fri,2017/11/24 23:00,5
Sat,2017/11/25 0:00,16
Sat,2017/11/25 1:00,8
Sat,2017/11/25 2:00,2
Sat,2017/11/25 3:00,10
Sat,2017/11/25 4:00,30
Sat,2017/11/25 5:00,3
Sat,2017/11/25 6:00,7
Sat,2017/11/25 7:00,8
Sat,2017/11/25 8:00,35
Sat,2017/11/25 9:00,67
Sat,2017/11/25 10:00,84
Sat,2017/11/25 11:00,57
Sat,2017/11/25 12:00,81
Sat,2017/11/25 13:00,98
Sat,2017/11/25 14:00,68
Sat,2017/11/25 15:00,56
Sat,2017/11/25 16:00,39
Sat,2017/11/25 17:00,35
Sat,2017/11/25 18:00,21
Sat,2017/11/25 19:00,15
Sat,2017/11/25 20:00,13
Sat,2017/11/25 21:00,11
Sat,2017/11/25 22:00,2
Sat,2017/11/25 23:00,3
Sun,2017/11/26 0:00,8
Sun,2017/11/26 1:00,5
Sun,2017/11/26 2:00,5
Sun,2017/11/26 3:00,10
Sun,2017/11/26 4:00,24
Sun,2017/11/26 5:00,5
Sun,2017/11/26 6:00,3
Sun,2017/11/26 7:00,4
Sun,2017/11/26 8:00,12
Sun,2017/11/26 9:00,25
Sun,2017/11/26 10:00,59
Sun,2017/11/26 11:00,43
Sun,2017/11/26 12:00,46
Sun,2017/11/26 13:00,46
Sun,2017/11/26 14:00,63
Sun,2017/11/26 15:00,57
Sun,2017/11/26 16:00,47
Sun,2017/11/26 17:00,47
Sun,2017/11/26 18:00,23
Sun,2017/11/26 19:00,17
Sun,2017/11/26 20:00,18
Sun,2017/11/26 21:00,6
Sun,2017/11/26 22:00,8
Sun,2017/11/26 23:00,14
Mon,2017/11/27 0:00,7
Mon,2017/11/27 1:00,7
Mon,2017/11/27 2:00,4
Mon,2017/11/27 3:00,8
Mon,2017/11/27 4:00,25
Mon,2017/11/27 5:00,3
Mon,2017/11/27 6:00,13
Mon,2017/11/27 7:00,35
Mon,2017/11/27 8:00,470
Mon,2017/11/27 9:00,401
Mon,2017/11/27 10:00,440
Mon,2017/11/27 11:00,282
Mon,2017/11/27 12:00,302
Mon,2017/11/27 13:00,249
Mon,2017/11/27 14:00,197
Mon,2017/11/27 15:00,154
Mon,2017/11/27 16:00,132
Mon,2017/11/27 17:00,79
Mon,2017/11/27 18:00,67
Mon,2017/11/27 19:00,35
Mon,2017/11/27 20:00,26
Mon,2017/11/27 21:00,14
Mon,2017/11/27 22:00,11
Mon,2017/11/27 23:00,12
Tue,2017/11/28 0:00,11
Tue,2017/11/28 1:00,8
Tue,2017/11/28 2:00,6
Tue,2017/11/28 3:00,9
Tue,2017/11/28 4:00,25
Tue,2017/11/28 5:00,1
Tue,2017/11/28 6:00,14
Tue,2017/11/28 7:00,45
Tue,2017/11/28 8:00,479
Tue,2017/11/28 9:00,405
Tue,2017/11/28 10:00,452
Tue,2017/11/28 11:00,279
Tue,2017/11/28 12:00,349
Tue,2017/11/28 13:00,218
Tue,2017/11/28 14:00,227
Tue,2017/11/28 15:00,146
Tue,2017/11/28 16:00,125
Tue,2017/11/28 17:00,79
Tue,2017/11/28 18:00,58
Tue,2017/11/28 19:00,36
Tue,2017/11/28 20:00,30
Tue,2017/11/28 21:00,19
Tue,2017/11/28 22:00,14
Tue,2017/11/28 23:00,15
Wed,2017/11/29 0:00,14
Wed,2017/11/29 1:00,9
Wed,2017/11/29 2:00,4
Wed,2017/11/29 3:00,10
Wed,2017/11/29 4:00,34
Wed,2017/11/29 5:00,6
Wed,2017/11/29 6:00,15
Wed,2017/11/29 7:00,38
Wed,2017/11/29 8:00,463
Wed,2017/11/29 9:00,383
Wed,2017/11/29 10:00,495
Wed,2017/11/29 11:00,305
Wed,2017/11/29 12:00,373
Wed,2017/11/29 13:00,249
Wed,2017/11/29 14:00,208
Wed,2017/11/29 15:00,153
Wed,2017/11/29 16:00,117
Wed,2017/11/29 17:00,89
Wed,2017/11/29 18:00,55
Wed,2017/11/29 19:00,26
Wed,2017/11/29 20:00,21
Wed,2017/11/29 21:00,22
Wed,2017/11/29 22:00,8
Wed,2017/11/29 23:00,15
Thu,2017/11/30 0:00,15
Thu,2017/11/30 1:00,8
Thu,2017/11/30 2:00,7
Thu,2017/11/30 3:00,12
Thu,2017/11/30 4:00,33
Thu,2017/11/30 5:00,3
Thu,2017/11/30 6:00,14
Thu,2017/11/30 7:00,39
Thu,2017/11/30 8:00,489
Thu,2017/11/30 9:00,365
Thu,2017/11/30 10:00,459
Thu,2017/11/30 11:00,285
Thu,2017/11/30 12:00,289
Thu,2017/11/30 13:00,270
Thu,2017/11/30 14:00,190
Thu,2017/11/30 15:00,143
Thu,2017/11/30 16:00,108
Thu,2017/11/30 17:00,93
Thu,2017/11/30 18:00,55
Thu,2017/11/30 19:00,50
Thu,2017/11/30 20:00,21
Thu,2017/11/30 21:00,16
Thu,2017/11/30 22:00,12
Thu,2017/11/30 23:00,6
Fri,2017/12/1 0:00,12
Fri,2017/12/1 1:00,7
Fri,2017/12/1 2:00,5
Fri,2017/12/1 3:00,11
Fri,2017/12/1 4:00,27
Fri,2017/12/1 5:00,4
Fri,2017/12/1 6:00,12
Fri,2017/12/1 7:00,47
Fri,2017/12/1 8:00,435
Fri,2017/12/1 9:00,355
Fri,2017/12/1 10:00,538
Fri,2017/12/1 11:00,301
Fri,2017/12/1 12:00,284
Fri,2017/12/1 13:00,204
Fri,2017/12/1 14:00,193
Fri,2017/12/1 15:00,134
Fri,2017/12/1 16:00,134
Fri,2017/12/1 17:00,104
Fri,2017/12/1 18:00,48
Fri,2017/12/1 19:00,33
Fri,2017/12/1 20:00,20
Fri,2017/12/1 21:00,7
Fri,2017/12/1 22:00,12
Fri,2017/12/1 23:00,5
Sat,2017/12/2 0:00,12
Sat,2017/12/2 1:00,5
Sat,2017/12/2 2:00,4
Sat,2017/12/2 3:00,10
Sat,2017/12/2 4:00,27
Sat,2017/12/2 5:00,3
Sat,2017/12/2 6:00,7
Sat,2017/12/2 7:00,9
Sat,2017/12/2 8:00,37
Sat,2017/12/2 9:00,70
Sat,2017/12/2 10:00,64
Sat,2017/12/2 11:00,55
Sat,2017/12/2 12:00,82
Sat,2017/12/2 13:00,73
Sat,2017/12/2 14:00,68
Sat,2017/12/2 15:00,53
Sat,2017/12/2 16:00,85
Sat,2017/12/2 17:00,76
Sat,2017/12/2 18:00,14
Sat,2017/12/2 19:00,41
Sat,2017/12/2 20:00,15
Sat,2017/12/2 21:00,7
Sat,2017/12/2 22:00,9
Sat,2017/12/2 23:00,5
Sun,2017/12/3 0:00,1
Sun,2017/12/3 1:00,3
Sun,2017/12/3 2:00,1
Sun,2017/12/3 3:00,7
Sun,2017/12/3 4:00,21
Sun,2017/12/3 5:00,1
Sun,2017/12/3 6:00,6
Sun,2017/12/3 7:00,13
Sun,2017/12/3 8:00,10
Sun,2017/12/3 9:00,33
Sun,2017/12/3 10:00,41
Sun,2017/12/3 11:00,41
Sun,2017/12/3 12:00,45
Sun,2017/12/3 13:00,58
Sun,2017/12/3 14:00,48
Sun,2017/12/3 15:00,37
Sun,2017/12/3 16:00,29
Sun,2017/12/3 17:00,37
Sun,2017/12/3 18:00,21
Sun,2017/12/3 19:00,17
Sun,2017/12/3 20:00,12
Sun,2017/12/3 21:00,6
Sun,2017/12/3 22:00,12
Sun,2017/12/3 23:00,3
Mon,2017/12/4 0:00,12
Mon,2017/12/4 1:00,5
Mon,2017/12/4 2:00,6
Mon,2017/12/4 3:00,8
Mon,2017/12/4 4:00,28
Mon,2017/12/4 5:00,5
Mon,2017/12/4 6:00,13
Mon,2017/12/4 7:00,41
Mon,2017/12/4 8:00,454
Mon,2017/12/4 9:00,390
Mon,2017/12/4 10:00,454
Mon,2017/12/4 11:00,334
Mon,2017/12/4 12:00,305
Mon,2017/12/4 13:00,266
Mon,2017/12/4 14:00,260
Mon,2017/12/4 15:00,137
Mon,2017/12/4 16:00,103
Mon,2017/12/4 17:00,82
Mon,2017/12/4 18:00,62
Mon,2017/12/4 19:00,29
Mon,2017/12/4 20:00,31
Mon,2017/12/4 21:00,12
Mon,2017/12/4 22:00,12
Mon,2017/12/4 23:00,7
Tue,2017/12/5 0:00,7
Tue,2017/12/5 1:00,7
Tue,2017/12/5 2:00,5
Tue,2017/12/5 3:00,16
Tue,2017/12/5 4:00,30
Tue,2017/12/5 5:00,3
Tue,2017/12/5 6:00,13
Tue,2017/12/5 7:00,45
Tue,2017/12/5 8:00,460
Tue,2017/12/5 9:00,363
Tue,2017/12/5 10:00,477
Tue,2017/12/5 11:00,294
Tue,2017/12/5 12:00,298
Tue,2017/12/5 13:00,260
Tue,2017/12/5 14:00,184
Tue,2017/12/5 15:00,131
Tue,2017/12/5 16:00,140
Tue,2017/12/5 17:00,80
Tue,2017/12/5 18:00,69
Tue,2017/12/5 19:00,39
Tue,2017/12/5 20:00,30
Tue,2017/12/5 21:00,16
Tue,2017/12/5 22:00,14
Tue,2017/12/5 23:00,9
Wed,2017/12/6 0:00,11
Wed,2017/12/6 1:00,8
Wed,2017/12/6 2:00,3
Wed,2017/12/6 3:00,10
Wed,2017/12/6 4:00,19
Wed,2017/12/6 5:00,1
Wed,2017/12/6 6:00,18
Wed,2017/12/6 7:00,37
Wed,2017/12/6 8:00,454
Wed,2017/12/6 9:00,415
Wed,2017/12/6 10:00,467
Wed,2017/12/6 11:00,266
Wed,2017/12/6 12:00,307
Wed,2017/12/6 13:00,275
Wed,2017/12/6 14:00,189
Wed,2017/12/6 15:00,127
Wed,2017/12/6 16:00,115
Wed,2017/12/6 17:00,76
Wed,2017/12/6 18:00,62
Wed,2017/12/6 19:00,44
Wed,2017/12/6 20:00,23
Wed,2017/12/6 21:00,14
Wed,2017/12/6 22:00,8
Wed,2017/12/6 23:00,10
Thu,2017/12/7 0:00,8
Thu,2017/12/7 1:00,6
Thu,2017/12/7 2:00,11
Thu,2017/12/7 3:00,13
Thu,2017/12/7 4:00,29
Thu,2017/12/7 5:00,9
Thu,2017/12/7 6:00,9
Thu,2017/12/7 7:00,49
Thu,2017/12/7 8:00,459
Thu,2017/12/7 9:00,411
Thu,2017/12/7 10:00,434
Thu,2017/12/7 11:00,260
Thu,2017/12/7 12:00,317
Thu,2017/12/7 13:00,227
Thu,2017/12/7 14:00,223
Thu,2017/12/7 15:00,158
Thu,2017/12/7 16:00,158
Thu,2017/12/7 17:00,95
Thu,2017/12/7 18:00,50
Thu,2017/12/7 19:00,40
Thu,2017/12/7 20:00,31
Thu,2017/12/7 21:00,25
Thu,2017/12/7 22:00,11
Thu,2017/12/7 23:00,6
Fri,2017/12/8 0:00,10
Fri,2017/12/8 1:00,7
Fri,2017/12/8 2:00,6
Fri,2017/12/8 3:00,7
Fri,2017/12/8 4:00,28
Fri,2017/12/8 5:00,4
Fri,2017/12/8 6:00,16
Fri,2017/12/8 7:00,34
Fri,2017/12/8 8:00,420
Fri,2017/12/8 9:00,377
Fri,2017/12/8 10:00,443
Fri,2017/12/8 11:00,300
Fri,2017/12/8 12:00,327
Fri,2017/12/8 13:00,252
Fri,2017/12/8 14:00,182
Fri,2017/12/8 15:00,141
Fri,2017/12/8 16:00,105
Fri,2017/12/8 17:00,66
Fri,2017/12/8 18:00,64
Fri,2017/12/8 19:00,40
Fri,2017/12/8 20:00,22
Fri,2017/12/8 21:00,15
Fri,2017/12/8 22:00,10
Fri,2017/12/8 23:00,10
Sat,2017/12/9 0:00,8
Sat,2017/12/9 1:00,6
Sat,2017/12/9 2:00,6
Sat,2017/12/9 3:00,9
Sat,2017/12/9 4:00,30
Sat,2017/12/9 5:00,2
Sat,2017/12/9 6:00,10
Sat,2017/12/9 7:00,13
Sat,2017/12/9 8:00,29
Sat,2017/12/9 9:00,80
Sat,2017/12/9 10:00,89
Sat,2017/12/9 11:00,73
Sat,2017/12/9 12:00,91
Sat,2017/12/9 13:00,93
Sat,2017/12/9 14:00,67
Sat,2017/12/9 15:00,47
Sat,2017/12/9 16:00,37
Sat,2017/12/9 17:00,34
Sat,2017/12/9 18:00,22
Sat,2017/12/9 19:00,16
Sat,2017/12/9 20:00,16
Sat,2017/12/9 21:00,13
Sat,2017/12/9 22:00,9
Sat,2017/12/9 23:00,4
Sun,2017/12/10 0:00,3
Sun,2017/12/10 1:00,7
Sun,2017/12/10 2:00,2
Sun,2017/12/10 3:00,9
Sun,2017/12/10 4:00,30
Sun,2017/12/10 5:00,3
Sun,2017/12/10 6:00,4
Sun,2017/12/10 7:00,2
Sun,2017/12/10 8:00,6
Sun,2017/12/10 9:00,28
Sun,2017/12/10 10:00,39
Sun,2017/12/10 11:00,42
Sun,2017/12/10 12:00,43
Sun,2017/12/10 13:00,61
Sun,2017/12/10 14:00,46
Sun,2017/12/10 15:00,32
Sun,2017/12/10 16:00,44
Sun,2017/12/10 17:00,32
Sun,2017/12/10 18:00,18
Sun,2017/12/10 19:00,16
Sun,2017/12/10 20:00,13
Sun,2017/12/10 21:00,8
Sun,2017/12/10 22:00,4
Sun,2017/12/10 23:00,4
Mon,2017/12/11 0:00,9
Mon,2017/12/11 1:00,9
Mon,2017/12/11 2:00,7
Mon,2017/12/11 3:00,8
Mon,2017/12/11 4:00,28
Mon,2017/12/11 5:00,4
Mon,2017/12/11 6:00,13
Mon,2017/12/11 7:00,40
Mon,2017/12/11 8:00,459
Mon,2017/12/11 9:00,404
Mon,2017/12/11 10:00,478
Mon,2017/12/11 11:00,252
Mon,2017/12/11 12:00,334
Mon,2017/12/11 13:00,281
Mon,2017/12/11 14:00,201
Mon,2017/12/11 15:00,159
Mon,2017/12/11 16:00,109
Mon,2017/12/11 17:00,86
Mon,2017/12/11 18:00,55
Mon,2017/12/11 19:00,27
Mon,2017/12/11 20:00,22
Mon,2017/12/11 21:00,18
Mon,2017/12/11 22:00,14
Mon,2017/12/11 23:00,10
Tue,2017/12/12 0:00,13
Tue,2017/12/12 1:00,6
Tue,2017/12/12 2:00,7
Tue,2017/12/12 3:00,25
Tue,2017/12/12 4:00,28
Tue,2017/12/12 5:00,6
Tue,2017/12/12 6:00,13
Tue,2017/12/12 7:00,43
Tue,2017/12/12 8:00,482
Tue,2017/12/12 9:00,391
Tue,2017/12/12 10:00,421
Tue,2017/12/12 11:00,334
Tue,2017/12/12 12:00,342
Tue,2017/12/12 13:00,243
Tue,2017/12/12 14:00,203
Tue,2017/12/12 15:00,193
Tue,2017/12/12 16:00,119
Tue,2017/12/12 17:00,94
Tue,2017/12/12 18:00,64
Tue,2017/12/12 19:00,36
Tue,2017/12/12 20:00,32
Tue,2017/12/12 21:00,18
Tue,2017/12/12 22:00,9
Tue,2017/12/12 23:00,15
Wed,2017/12/13 0:00,13
Wed,2017/12/13 1:00,11
Wed,2017/12/13 2:00,5
Wed,2017/12/13 3:00,9
Wed,2017/12/13 4:00,33
Wed,2017/12/13 5:00,5
Wed,2017/12/13 6:00,12
Wed,2017/12/13 7:00,32
Wed,2017/12/13 8:00,479
Wed,2017/12/13 9:00,363
Wed,2017/12/13 10:00,536
Wed,2017/12/13 11:00,292
Wed,2017/12/13 12:00,337
Wed,2017/12/13 13:00,239
Wed,2017/12/13 14:00,183
Wed,2017/12/13 15:00,125
Wed,2017/12/13 16:00,136
Wed,2017/12/13 17:00,90
Wed,2017/12/13 18:00,46
Wed,2017/12/13 19:00,37
Wed,2017/12/13 20:00,27
Wed,2017/12/13 21:00,11
Wed,2017/12/13 22:00,10
Wed,2017/12/13 23:00,7
Thu,2017/12/14 0:00,11
Thu,2017/12/14 1:00,10
Thu,2017/12/14 2:00,12
Thu,2017/12/14 3:00,19
Thu,2017/12/14 4:00,26
Thu,2017/12/14 5:00,3
Thu,2017/12/14 6:00,18
Thu,2017/12/14 7:00,33
Thu,2017/12/14 8:00,453
Thu,2017/12/14 9:00,392
Thu,2017/12/14 10:00,450
Thu,2017/12/14 11:00,292
Thu,2017/12/14 12:00,303
Thu,2017/12/14 13:00,269
Thu,2017/12/14 14:00,212
Thu,2017/12/14 15:00,164
Thu,2017/12/14 16:00,123
Thu,2017/12/14 17:00,84
Thu,2017/12/14 18:00,71
Thu,2017/12/14 19:00,37
Thu,2017/12/14 20:00,27
Thu,2017/12/14 21:00,15
Thu,2017/12/14 22:00,16
Thu,2017/12/14 23:00,11
Fri,2017/12/15 0:00,8
Fri,2017/12/15 1:00,14
Fri,2017/12/15 2:00,11
Fri,2017/12/15 3:00,14
Fri,2017/12/15 4:00,25
Fri,2017/12/15 5:00,3
Fri,2017/12/15 6:00,16
Fri,2017/12/15 7:00,25
Fri,2017/12/15 8:00,437
Fri,2017/12/15 9:00,368
Fri,2017/12/15 10:00,508
Fri,2017/12/15 11:00,313
Fri,2017/12/15 12:00,294
Fri,2017/12/15 13:00,268
Fri,2017/12/15 14:00,197
Fri,2017/12/15 15:00,123
Fri,2017/12/15 16:00,124
Fri,2017/12/15 17:00,107
Fri,2017/12/15 18:00,71
Fri,2017/12/15 19:00,31
Fri,2017/12/15 20:00,21
Fri,2017/12/15 21:00,12
Fri,2017/12/15 22:00,14
Fri,2017/12/15 23:00,7
Sat,2017/12/16 0:00,6
Sat,2017/12/16 1:00,4
Sat,2017/12/16 2:00,7
Sat,2017/12/16 3:00,11
Sat,2017/12/16 4:00,35
Sat,2017/12/16 5:00,2
Sat,2017/12/16 6:00,6
Sat,2017/12/16 7:00,10
Sat,2017/12/16 8:00,34
Sat,2017/12/16 9:00,72
Sat,2017/12/16 10:00,84
Sat,2017/12/16 11:00,63
Sat,2017/12/16 12:00,72
Sat,2017/12/16 13:00,74
Sat,2017/12/16 14:00,62
Sat,2017/12/16 15:00,60
Sat,2017/12/16 16:00,31
Sat,2017/12/16 17:00,30
Sat,2017/12/16 18:00,23
Sat,2017/12/16 19:00,10
Sat,2017/12/16 20:00,18
Sat,2017/12/16 21:00,5
Sat,2017/12/16 22:00,6
Sat,2017/12/16 23:00,6
Sun,2017/12/17 0:00,9
Sun,2017/12/17 1:00,6
Sun,2017/12/17 2:00,5
Sun,2017/12/17 3:00,9
Sun,2017/12/17 4:00,29
Sun,2017/12/17 5:00,4
Sun,2017/12/17 6:00,4
Sun,2017/12/17 7:00,6
Sun,2017/12/17 8:00,12
Sun,2017/12/17 9:00,26
Sun,2017/12/17 10:00,36
Sun,2017/12/17 11:00,44
Sun,2017/12/17 12:00,52
Sun,2017/12/17 13:00,84
Sun,2017/12/17 14:00,52
Sun,2017/12/17 15:00,40
Sun,2017/12/17 16:00,31
Sun,2017/12/17 17:00,21
Sun,2017/12/17 18:00,20
Sun,2017/12/17 19:00,14
Sun,2017/12/17 20:00,17
Sun,2017/12/17 21:00,15
Sun,2017/12/17 22:00,8
Sun,2017/12/17 23:00,9
Mon,2017/12/18 0:00,16
Mon,2017/12/18 1:00,9
Mon,2017/12/18 2:00,12
Mon,2017/12/18 3:00,13
Mon,2017/12/18 4:00,34
Mon,2017/12/18 6:00,13
Mon,2017/12/18 7:00,53
Mon,2017/12/18 8:00,462
Mon,2017/12/18 9:00,403
Mon,2017/12/18 10:00,455
Mon,2017/12/18 11:00,268
Mon,2017/12/18 12:00,361
Mon,2017/12/18 13:00,256
Mon,2017/12/18 14:00,228
Mon,2017/12/18 15:00,158
Mon,2017/12/18 16:00,131
Mon,2017/12/18 17:00,81
Mon,2017/12/18 18:00,62
Mon,2017/12/18 19:00,43
Mon,2017/12/18 20:00,34
Mon,2017/12/18 21:00,15
Mon,2017/12/18 22:00,15
Mon,2017/12/18 23:00,6
Tue,2017/12/19 0:00,10
Tue,2017/12/19 1:00,9
Tue,2017/12/19 2:00,8
Tue,2017/12/19 3:00,14
Tue,2017/12/19 4:00,27
Tue,2017/12/19 5:00,6
Tue,2017/12/19 6:00,20
Tue,2017/12/19 7:00,47
Tue,2017/12/19 8:00,467
Tue,2017/12/19 9:00,393
Tue,2017/12/19 10:00,442
Tue,2017/12/19 11:00,290
Tue,2017/12/19 12:00,321
Tue,2017/12/19 13:00,269
Tue,2017/12/19 14:00,199
Tue,2017/12/19 15:00,136
Tue,2017/12/19 16:00,104
Tue,2017/12/19 17:00,95
Tue,2017/12/19 18:00,56
Tue,2017/12/19 19:00,34
Tue,2017/12/19 20:00,41
Tue,2017/12/19 21:00,11
Tue,2017/12/19 22:00,19
Tue,2017/12/19 23:00,12
Wed,2017/12/20 0:00,14
Wed,2017/12/20 1:00,14
Wed,2017/12/20 2:00,3
Wed,2017/12/20 3:00,9
Wed,2017/12/20 4:00,25
Wed,2017/12/20 5:00,4
Wed,2017/12/20 6:00,9
Wed,2017/12/20 7:00,37
Wed,2017/12/20 8:00,456
Wed,2017/12/20 9:00,391
Wed,2017/12/20 10:00,486
Wed,2017/12/20 11:00,249
Wed,2017/12/20 12:00,352
Wed,2017/12/20 13:00,244
Wed,2017/12/20 14:00,186
Wed,2017/12/20 15:00,125
Wed,2017/12/20 16:00,113
Wed,2017/12/20 17:00,81
Wed,2017/12/20 18:00,65
Wed,2017/12/20 19:00,33
Wed,2017/12/20 20:00,23
Wed,2017/12/20 21:00,13
Wed,2017/12/20 22:00,12
Wed,2017/12/20 23:00,6
Thu,2017/12/21 0:00,4
Thu,2017/12/21 1:00,12
Thu,2017/12/21 2:00,8
Thu,2017/12/21 3:00,12
Thu,2017/12/21 4:00,24
Thu,2017/12/21 5:00,2
Thu,2017/12/21 6:00,14
Thu,2017/12/21 7:00,35
Thu,2017/12/21 8:00,476
Thu,2017/12/21 9:00,361
Thu,2017/12/21 10:00,434
Thu,2017/12/21 11:00,326
Thu,2017/12/21 12:00,296
Thu,2017/12/21 13:00,274
Thu,2017/12/21 14:00,178
Thu,2017/12/21 15:00,141
Thu,2017/12/21 16:00,136
Thu,2017/12/21 17:00,75
Thu,2017/12/21 18:00,62
Thu,2017/12/21 19:00,35
Thu,2017/12/21 20:00,25
Thu,2017/12/21 21:00,26
Thu,2017/12/21 22:00,13
Thu,2017/12/21 23:00,6
Fri,2017/12/22 0:00,15
Fri,2017/12/22 1:00,14
Fri,2017/12/22 2:00,8
Fri,2017/12/22 3:00,13
Fri,2017/12/22 4:00,25
Fri,2017/12/22 5:00,2
Fri,2017/12/22 6:00,14
Fri,2017/12/22 7:00,29
Fri,2017/12/22 8:00,362
Fri,2017/12/22 9:00,422
Fri,2017/12/22 10:00,415
Fri,2017/12/22 11:00,246
Fri,2017/12/22 12:00,286
Fri,2017/12/22 13:00,255
Fri,2017/12/22 14:00,217
Fri,2017/12/22 15:00,140
Fri,2017/12/22 16:00,159
Fri,2017/12/22 17:00,70
Fri,2017/12/22 18:00,59
Fri,2017/12/22 19:00,30
Fri,2017/12/22 20:00,23
Fri,2017/12/22 21:00,21
Fri,2017/12/22 22:00,5
Fri,2017/12/22 23:00,16
Sat,2017/12/23 0:00,14
Sat,2017/12/23 1:00,7
Sat,2017/12/23 2:00,2
Sat,2017/12/23 3:00,9
Sat,2017/12/23 4:00,23
Sat,2017/12/23 5:00,4
Sat,2017/12/23 6:00,8
Sat,2017/12/23 7:00,9
Sat,2017/12/23 8:00,20
Sat,2017/12/23 9:00,49
Sat,2017/12/23 10:00,46
Sat,2017/12/23 11:00,51
Sat,2017/12/23 12:00,39
Sat,2017/12/23 13:00,76
Sat,2017/12/23 14:00,57
Sat,2017/12/23 15:00,42
Sat,2017/12/23 16:00,29
Sat,2017/12/23 17:00,28
Sat,2017/12/23 18:00,30
Sat,2017/12/23 19:00,16
Sat,2017/12/23 20:00,17
Sat,2017/12/23 21:00,11
Sat,2017/12/23 22:00,8
Sat,2017/12/23 23:00,11
Sun,2017/12/24 0:00,9
Sun,2017/12/24 1:00,10
Sun,2017/12/24 2:00,5
Sun,2017/12/24 3:00,13
Sun,2017/12/24 4:00,24
Sun,2017/12/24 5:00,2
Sun,2017/12/24 6:00,9
Sun,2017/12/24 7:00,1
Sun,2017/12/24 8:00,7
Sun,2017/12/24 9:00,23
Sun,2017/12/24 10:00,20
Sun,2017/12/24 11:00,35
Sun,2017/12/24 12:00,49
Sun,2017/12/24 13:00,41
Sun,2017/12/24 14:00,48
Sun,2017/12/24 15:00,41
Sun,2017/12/24 16:00,35
Sun,2017/12/24 17:00,24
Sun,2017/12/24 18:00,40
Sun,2017/12/24 19:00,14
Sun,2017/12/24 20:00,19
Sun,2017/12/24 21:00,5
Sun,2017/12/24 22:00,4
Sun,2017/12/24 23:00,7
Mon,2017/12/25 0:00,13
Mon,2017/12/25 1:00,4
Mon,2017/12/25 2:00,5
Mon,2017/12/25 3:00,8
Mon,2017/12/25 4:00,26
Mon,2017/12/25 5:00,2
Mon,2017/12/25 6:00,11
Mon,2017/12/25 7:00,36
Mon,2017/12/25 8:00,428
Mon,2017/12/25 9:00,337
Mon,2017/12/25 10:00,314
Mon,2017/12/25 11:00,238
Mon,2017/12/25 12:00,243
Mon,2017/12/25 13:00,202
Mon,2017/12/25 14:00,149
Mon,2017/12/25 15:00,124
Mon,2017/12/25 16:00,121
Mon,2017/12/25 17:00,76
Mon,2017/12/25 18:00,48
Mon,2017/12/25 19:00,18
Mon,2017/12/25 20:00,24
Mon,2017/12/25 21:00,11
Mon,2017/12/25 22:00,9
Mon,2017/12/25 23:00,10
Tue,2017/12/26 0:00,11
Tue,2017/12/26 1:00,15
Tue,2017/12/26 2:00,6
Tue,2017/12/26 3:00,14
Tue,2017/12/26 4:00,24
Tue,2017/12/26 5:00,4
Tue,2017/12/26 6:00,7
Tue,2017/12/26 7:00,34
Tue,2017/12/26 8:00,392
Tue,2017/12/26 9:00,338
Tue,2017/12/26 10:00,322
Tue,2017/12/26 11:00,189
Tue,2017/12/26 12:00,244
Tue,2017/12/26 13:00,218
Tue,2017/12/26 14:00,148
Tue,2017/12/26 15:00,115
Tue,2017/12/26 16:00,114
Tue,2017/12/26 17:00,110
Tue,2017/12/26 18:00,48
Tue,2017/12/26 19:00,32
Tue,2017/12/26 20:00,20
Tue,2017/12/26 21:00,9
Tue,2017/12/26 22:00,6
Tue,2017/12/26 23:00,13
Wed,2017/12/27 0:00,16
Wed,2017/12/27 1:00,9
Wed,2017/12/27 2:00,2
Wed,2017/12/27 3:00,9
Wed,2017/12/27 4:00,23
Wed,2017/12/27 5:00,2
Wed,2017/12/27 6:00,11
Wed,2017/12/27 7:00,30
Wed,2017/12/27 8:00,404
Wed,2017/12/27 9:00,300
Wed,2017/12/27 10:00,256
Wed,2017/12/27 11:00,204
Wed,2017/12/27 12:00,191
Wed,2017/12/27 13:00,173
Wed,2017/12/27 14:00,145
Wed,2017/12/27 15:00,170
Wed,2017/12/27 16:00,130
Wed,2017/12/27 17:00,74
Wed,2017/12/27 18:00,32
Wed,2017/12/27 19:00,25
Wed,2017/12/27 20:00,12
Wed,2017/12/27 21:00,13
Wed,2017/12/27 22:00,9
Wed,2017/12/27 23:00,10
Thu,2017/12/28 0:00,7
Thu,2017/12/28 1:00,5
Thu,2017/12/28 2:00,7
Thu,2017/12/28 3:00,8
Thu,2017/12/28 4:00,27
Thu,2017/12/28 5:00,5
Thu,2017/12/28 6:00,13
Thu,2017/12/28 7:00,31
Thu,2017/12/28 8:00,349
Thu,2017/12/28 9:00,241
Thu,2017/12/28 10:00,224
Thu,2017/12/28 11:00,164
Thu,2017/12/28 12:00,146
Thu,2017/12/28 13:00,127
Thu,2017/12/28 14:00,132
Thu,2017/12/28 15:00,95
Thu,2017/12/28 16:00,86
Thu,2017/12/28 17:00,66
Thu,2017/12/28 18:00,35
Thu,2017/12/28 19:00,10
Thu,2017/12/28 20:00,31
Thu,2017/12/28 21:00,10
Thu,2017/12/28 22:00,10
Thu,2017/12/28 23:00,4
Fri,2017/12/29 0:00,8
Fri,2017/12/29 1:00,6
Fri,2017/12/29 2:00,4
Fri,2017/12/29 3:00,7
Fri,2017/12/29 4:00,22
Fri,2017/12/29 5:00,3
Fri,2017/12/29 6:00,5
Fri,2017/12/29 7:00,8
Fri,2017/12/29 8:00,11
Fri,2017/12/29 9:00,41
Fri,2017/12/29 10:00,71
Fri,2017/12/29 11:00,44
Fri,2017/12/29 12:00,55
Fri,2017/12/29 13:00,62
Fri,2017/12/29 14:00,39
Fri,2017/12/29 15:00,35
Fri,2017/12/29 16:00,22
Fri,2017/12/29 17:00,22
Fri,2017/12/29 18:00,12
Fri,2017/12/29 19:00,8
Fri,2017/12/29 20:00,5
Fri,2017/12/29 21:00,2
Fri,2017/12/29 22:00,2
Fri,2017/12/29 23:00,8
Sat,2017/12/30 0:00,5
Sat,2017/12/30 1:00,4
Sat,2017/12/30 2:00,2
Sat,2017/12/30 3:00,10
Sat,2017/12/30 4:00,20
Sat,2017/12/30 5:00,1
Sat,2017/12/30 6:00,2
Sat,2017/12/30 7:00,5
Sat,2017/12/30 8:00,6
Sat,2017/12/30 9:00,15
Sat,2017/12/30 10:00,34
Sat,2017/12/30 11:00,16
Sat,2017/12/30 12:00,30
Sat,2017/12/30 13:00,39
Sat,2017/12/30 14:00,30
Sat,2017/12/30 15:00,21
Sat,2017/12/30 16:00,29
Sat,2017/12/30 17:00,18
Sat,2017/12/30 18:00,14
Sat,2017/12/30 19:00,10
Sat,2017/12/30 20:00,5
Sat,2017/12/30 21:00,4
Sat,2017/12/30 22:00,2
Sun,2017/12/31 0:00,3
Sun,2017/12/31 1:00,3
Sun,2017/12/31 2:00,1
Sun,2017/12/31 3:00,7
Sun,2017/12/31 4:00,20
Sun,2017/12/31 5:00,1
Sun,2017/12/31 6:00,4
Sun,2017/12/31 7:00,4
Sun,2017/12/31 8:00,5
Sun,2017/12/31 9:00,12
Sun,2017/12/31 10:00,13
Sun,2017/12/31 11:00,9
Sun,2017/12/31 12:00,17
Sun,2017/12/31 13:00,17
Sun,2017/12/31 14:00,25
Sun,2017/12/31 15:00,15
Sun,2017/12/31 16:00,24
Sun,2017/12/31 17:00,12
Sun,2017/12/31 18:00,1
Sun,2017/12/31 19:00,5
Sun,2017/12/31 20:00,3
Sun,2017/12/31 21:00,1
Sun,2017/12/31 22:00,1
Sun,2017/12/31 23:00,3
Mon,2018/1/1 0:00,3
Mon,2018/1/1 1:00,2
Mon,2018/1/1 2:00,4
Mon,2018/1/1 3:00,7
Mon,2018/1/1 4:00,21
Mon,2018/1/1 5:00,2
Mon,2018/1/1 6:00,3
Mon,2018/1/1 7:00,5
Mon,2018/1/1 8:00,4
Mon,2018/1/1 9:00,3
Mon,2018/1/1 10:00,7
Mon,2018/1/1 11:00,5
Mon,2018/1/1 12:00,5
Mon,2018/1/1 13:00,6
Mon,2018/1/1 14:00,2
Mon,2018/1/1 15:00,3
Mon,2018/1/1 16:00,4
Mon,2018/1/1 17:00,6
Mon,2018/1/1 18:00,1
Mon,2018/1/1 19:00,2
Mon,2018/1/1 20:00,1
Mon,2018/1/1 21:00,4
Mon,2018/1/1 22:00,1
Mon,2018/1/1 23:00,3
Tue,2018/1/2 0:00,3
Tue,2018/1/2 1:00,1
Tue,2018/1/2 2:00,1
Tue,2018/1/2 3:00,7
Tue,2018/1/2 4:00,16
Tue,2018/1/2 6:00,2
Tue,2018/1/2 7:00,5
Tue,2018/1/2 8:00,7
Tue,2018/1/2 9:00,4
Tue,2018/1/2 10:00,14
Tue,2018/1/2 11:00,6
Tue,2018/1/2 12:00,14
Tue,2018/1/2 13:00,6
Tue,2018/1/2 14:00,20
Tue,2018/1/2 15:00,10
Tue,2018/1/2 16:00,14
Tue,2018/1/2 17:00,4
Tue,2018/1/2 18:00,9
Tue,2018/1/2 19:00,3
Tue,2018/1/2 20:00,2
Tue,2018/1/2 22:00,4
Tue,2018/1/2 23:00,1
Wed,2018/1/3 0:00,1
Wed,2018/1/3 1:00,1
Wed,2018/1/3 2:00,2
Wed,2018/1/3 3:00,7
Wed,2018/1/3 4:00,23
Wed,2018/1/3 5:00,1
Wed,2018/1/3 6:00,4
Wed,2018/1/3 7:00,4
Wed,2018/1/3 8:00,14
Wed,2018/1/3 9:00,11
Wed,2018/1/3 10:00,30
Wed,2018/1/3 11:00,26
Wed,2018/1/3 12:00,21
Wed,2018/1/3 13:00,23
Wed,2018/1/3 14:00,18
Wed,2018/1/3 15:00,15
Wed,2018/1/3 16:00,16
Wed,2018/1/3 17:00,18
Wed,2018/1/3 18:00,11
Wed,2018/1/3 19:00,3
Wed,2018/1/3 20:00,7
Wed,2018/1/3 21:00,5
Wed,2018/1/3 22:00,7
Wed,2018/1/3 23:00,7
Thu,2018/1/4 0:00,5
Thu,2018/1/4 1:00,7
Thu,2018/1/4 2:00,5
Thu,2018/1/4 3:00,8
Thu,2018/1/4 4:00,24
Thu,2018/1/4 5:00,5
Thu,2018/1/4 6:00,13
Thu,2018/1/4 7:00,25
Thu,2018/1/4 8:00,285
Thu,2018/1/4 9:00,209
Thu,2018/1/4 10:00,188
Thu,2018/1/4 11:00,156
Thu,2018/1/4 12:00,145
Thu,2018/1/4 13:00,137
Thu,2018/1/4 14:00,118
Thu,2018/1/4 15:00,84
Thu,2018/1/4 16:00,49
Thu,2018/1/4 17:00,36
Thu,2018/1/4 18:00,41
Thu,2018/1/4 19:00,10
Thu,2018/1/4 20:00,12
Thu,2018/1/4 21:00,12
Thu,2018/1/4 22:00,13
Thu,2018/1/4 23:00,11
Fri,2018/1/5 0:00,14
Fri,2018/1/5 1:00,7
Fri,2018/1/5 2:00,4
Fri,2018/1/5 3:00,11
Fri,2018/1/5 4:00,24
Fri,2018/1/5 5:00,2
Fri,2018/1/5 6:00,11
Fri,2018/1/5 7:00,31
Fri,2018/1/5 8:00,347
Fri,2018/1/5 9:00,285
Fri,2018/1/5 10:00,284
Fri,2018/1/5 11:00,219
Fri,2018/1/5 12:00,206
Fri,2018/1/5 13:00,202
Fri,2018/1/5 14:00,152
Fri,2018/1/5 15:00,125
Fri,2018/1/5 16:00,81
Fri,2018/1/5 17:00,52
Fri,2018/1/5 18:00,37
Fri,2018/1/5 19:00,21
Fri,2018/1/5 20:00,29
Fri,2018/1/5 21:00,14
Fri,2018/1/5 22:00,11
Fri,2018/1/5 23:00,8
Sat,2018/1/6 0:00,6
Sat,2018/1/6 1:00,1
Sat,2018/1/6 3:00,8
Sat,2018/1/6 4:00,23
Sat,2018/1/6 5:00,1
Sat,2018/1/6 6:00,1
Sat,2018/1/6 7:00,7
Sat,2018/1/6 8:00,24
Sat,2018/1/6 9:00,56
Sat,2018/1/6 10:00,87
Sat,2018/1/6 11:00,66
Sat,2018/1/6 12:00,57
Sat,2018/1/6 13:00,81
Sat,2018/1/6 14:00,87
Sat,2018/1/6 15:00,57
Sat,2018/1/6 16:00,35
Sat,2018/1/6 17:00,29
Sat,2018/1/6 18:00,15
Sat,2018/1/6 19:00,12
Sat,2018/1/6 20:00,11
Sat,2018/1/6 21:00,4
Sat,2018/1/6 22:00,6
Sat,2018/1/6 23:00,5
Sun,2018/1/7 0:00,6
Sun,2018/1/7 1:00,8
Sun,2018/1/7 2:00,1
Sun,2018/1/7 3:00,8
Sun,2018/1/7 4:00,22
Sun,2018/1/7 5:00,5
Sun,2018/1/7 6:00,4
Sun,2018/1/7 7:00,5
Sun,2018/1/7 8:00,8
Sun,2018/1/7 9:00,19
Sun,2018/1/7 10:00,37
Sun,2018/1/7 11:00,53
Sun,2018/1/7 12:00,43
Sun,2018/1/7 13:00,70
Sun,2018/1/7 14:00,47
Sun,2018/1/7 15:00,49
Sun,2018/1/7 16:00,28
Sun,2018/1/7 17:00,31
Sun,2018/1/7 18:00,17
Sun,2018/1/7 19:00,15
Sun,2018/1/7 20:00,12
Sun,2018/1/7 21:00,6
Sun,2018/1/7 22:00,8
Sun,2018/1/7 23:00,10
Mon,2018/1/8 0:00,7
Mon,2018/1/8 1:00,2
Mon,2018/1/8 2:00,3
Mon,2018/1/8 3:00,10
Mon,2018/1/8 4:00,24
Mon,2018/1/8 5:00,1
Mon,2018/1/8 6:00,7
Mon,2018/1/8 7:00,5
Mon,2018/1/8 8:00,37
Mon,2018/1/8 9:00,49
Mon,2018/1/8 10:00,54
Mon,2018/1/8 11:00,71
Mon,2018/1/8 12:00,72
Mon,2018/1/8 13:00,101
Mon,2018/1/8 14:00,90
Mon,2018/1/8 15:00,72
Mon,2018/1/8 16:00,46
Mon,2018/1/8 17:00,31
Mon,2018/1/8 18:00,19
Mon,2018/1/8 19:00,18
Mon,2018/1/8 20:00,15
Mon,2018/1/8 21:00,11
Mon,2018/1/8 22:00,11
Mon,2018/1/8 23:00,10
Tue,2018/1/9 0:00,9
Tue,2018/1/9 1:00,5
Tue,2018/1/9 2:00,5
Tue,2018/1/9 3:00,9
Tue,2018/1/9 4:00,23
Tue,2018/1/9 5:00,8
Tue,2018/1/9 6:00,13
Tue,2018/1/9 7:00,51
Tue,2018/1/9 8:00,497
Tue,2018/1/9 9:00,469
Tue,2018/1/9 10:00,503
Tue,2018/1/9 11:00,273
Tue,2018/1/9 12:00,338
Tue,2018/1/9 13:00,257
Tue,2018/1/9 14:00,188
Tue,2018/1/9 15:00,133
Tue,2018/1/9 16:00,128
Tue,2018/1/9 17:00,91
Tue,2018/1/9 18:00,58
Tue,2018/1/9 19:00,43
Tue,2018/1/9 20:00,28
Tue,2018/1/9 21:00,20
Tue,2018/1/9 22:00,19
Tue,2018/1/9 23:00,10
Wed,2018/1/10 0:00,23
Wed,2018/1/10 1:00,10
Wed,2018/1/10 2:00,5
Wed,2018/1/10 3:00,23
Wed,2018/1/10 4:00,24
Wed,2018/1/10 5:00,7
Wed,2018/1/10 6:00,12
Wed,2018/1/10 7:00,39
Wed,2018/1/10 8:00,467
Wed,2018/1/10 9:00,404
Wed,2018/1/10 10:00,597
Wed,2018/1/10 11:00,401
Wed,2018/1/10 12:00,320
Wed,2018/1/10 13:00,253
Wed,2018/1/10 14:00,227
Wed,2018/1/10 15:00,192
Wed,2018/1/10 16:00,140
Wed,2018/1/10 17:00,93
Wed,2018/1/10 18:00,75
Wed,2018/1/10 19:00,46
Wed,2018/1/10 20:00,37
Wed,2018/1/10 21:00,20
Wed,2018/1/10 22:00,15
Wed,2018/1/10 23:00,7
Thu,2018/1/11 0:00,10
Thu,2018/1/11 1:00,9
Thu,2018/1/11 2:00,4
Thu,2018/1/11 3:00,12
Thu,2018/1/11 4:00,26
Thu,2018/1/11 5:00,7
Thu,2018/1/11 6:00,14
Thu,2018/1/11 7:00,50
Thu,2018/1/11 8:00,462
Thu,2018/1/11 9:00,453
Thu,2018/1/11 10:00,467
Thu,2018/1/11 11:00,290
Thu,2018/1/11 12:00,335
Thu,2018/1/11 13:00,274
Thu,2018/1/11 14:00,219
Thu,2018/1/11 15:00,154
Thu,2018/1/11 16:00,119
Thu,2018/1/11 17:00,80
Thu,2018/1/11 18:00,56
Thu,2018/1/11 19:00,46
Thu,2018/1/11 20:00,35
Thu,2018/1/11 21:00,21
Thu,2018/1/11 22:00,12
Thu,2018/1/11 23:00,27
Fri,2018/1/12 0:00,9
Fri,2018/1/12 1:00,7
Fri,2018/1/12 2:00,10
Fri,2018/1/12 3:00,11
Fri,2018/1/12 4:00,22
Fri,2018/1/12 5:00,5
Fri,2018/1/12 6:00,7
Fri,2018/1/12 7:00,40
Fri,2018/1/12 8:00,420
Fri,2018/1/12 9:00,420
Fri,2018/1/12 10:00,370
Fri,2018/1/12 11:00,263
Fri,2018/1/12 12:00,269
Fri,2018/1/12 13:00,267
Fri,2018/1/12 14:00,193
Fri,2018/1/12 15:00,97
Fri,2018/1/12 16:00,83
Fri,2018/1/12 17:00,68
Fri,2018/1/12 18:00,48
Fri,2018/1/12 19:00,30
Fri,2018/1/12 20:00,13
Fri,2018/1/12 21:00,7
Fri,2018/1/12 22:00,6
Fri,2018/1/12 23:00,11
Sat,2018/1/13 0:00,7
Sat,2018/1/13 1:00,2
Sat,2018/1/13 2:00,5
Sat,2018/1/13 3:00,8
Sat,2018/1/13 4:00,25
Sat,2018/1/13 5:00,6
Sat,2018/1/13 6:00,13
Sat,2018/1/13 7:00,34
Sat,2018/1/13 8:00,39
Sat,2018/1/13 9:00,75
Sat,2018/1/13 10:00,74
Sat,2018/1/13 11:00,77
Sat,2018/1/13 12:00,70
Sat,2018/1/13 13:00,70
Sat,2018/1/13 14:00,63
Sat,2018/1/13 15:00,64
Sat,2018/1/13 16:00,40
Sat,2018/1/13 17:00,39
Sat,2018/1/13 18:00,39
Sat,2018/1/13 19:00,22
Sat,2018/1/13 20:00,7
Sat,2018/1/13 21:00,7
Sat,2018/1/13 22:00,6
Sat,2018/1/13 23:00,17
Sun,2018/1/14 0:00,12
Sun,2018/1/14 1:00,5
Sun,2018/1/14 3:00,8
Sun,2018/1/14 4:00,28
Sun,2018/1/14 5:00,3
Sun,2018/1/14 6:00,13
Sun,2018/1/14 7:00,27
Sun,2018/1/14 8:00,23
Sun,2018/1/14 9:00,35
Sun,2018/1/14 10:00,35
Sun,2018/1/14 11:00,39
Sun,2018/1/14 12:00,57
Sun,2018/1/14 13:00,64
Sun,2018/1/14 14:00,54
Sun,2018/1/14 15:00,61
Sun,2018/1/14 16:00,29
Sun,2018/1/14 17:00,23
Sun,2018/1/14 18:00,45
Sun,2018/1/14 19:00,14
Sun,2018/1/14 20:00,21
Sun,2018/1/14 21:00,15
Sun,2018/1/14 22:00,9
Sun,2018/1/14 23:00,10
Mon,2018/1/15 0:00,8
Mon,2018/1/15 1:00,5
Mon,2018/1/15 2:00,3
Mon,2018/1/15 3:00,14
Mon,2018/1/15 4:00,28
Mon,2018/1/15 5:00,1
Mon,2018/1/15 6:00,10
Mon,2018/1/15 7:00,57
Mon,2018/1/15 8:00,407
Mon,2018/1/15 9:00,424
Mon,2018/1/15 10:00,483
Mon,2018/1/15 11:00,274
Mon,2018/1/15 12:00,300
Mon,2018/1/15 13:00,306
Mon,2018/1/15 14:00,175
Mon,2018/1/15 15:00,113
Mon,2018/1/15 16:00,104
Mon,2018/1/15 17:00,54
Mon,2018/1/15 18:00,47
Mon,2018/1/15 19:00,37
Mon,2018/1/15 20:00,64
Mon,2018/1/15 21:00,17
Mon,2018/1/15 22:00,9
Mon,2018/1/15 23:00,9
Tue,2018/1/16 0:00,19
Tue,2018/1/16 1:00,7
Tue,2018/1/16 2:00,3
Tue,2018/1/16 3:00,7
Tue,2018/1/16 4:00,36
Tue,2018/1/16 5:00,3
Tue,2018/1/16 6:00,12
Tue,2018/1/16 7:00,40
Tue,2018/1/16 8:00,444
Tue,2018/1/16 9:00,370
Tue,2018/1/16 10:00,450
Tue,2018/1/16 11:00,272
Tue,2018/1/16 12:00,340
Tue,2018/1/16 13:00,245
Tue,2018/1/16 14:00,219
Tue,2018/1/16 15:00,132
Tue,2018/1/16 16:00,121
Tue,2018/1/16 17:00,91
Tue,2018/1/16 18:00,71
Tue,2018/1/16 19:00,52
Tue,2018/1/16 20:00,35
Tue,2018/1/16 21:00,12
Tue,2018/1/16 22:00,12
Tue,2018/1/16 23:00,10
Wed,2018/1/17 0:00,13
Wed,2018/1/17 1:00,6
Wed,2018/1/17 2:00,5
Wed,2018/1/17 3:00,13
Wed,2018/1/17 4:00,30
Wed,2018/1/17 5:00,3
Wed,2018/1/17 6:00,10
Wed,2018/1/17 7:00,44
Wed,2018/1/17 8:00,436
Wed,2018/1/17 9:00,386
Wed,2018/1/17 10:00,500
Wed,2018/1/17 11:00,282
Wed,2018/1/17 12:00,283
Wed,2018/1/17 13:00,259
Wed,2018/1/17 14:00,167
Wed,2018/1/17 15:00,168
Wed,2018/1/17 16:00,137
Wed,2018/1/17 17:00,83
Wed,2018/1/17 18:00,50
Wed,2018/1/17 19:00,34
Wed,2018/1/17 20:00,34
Wed,2018/1/17 21:00,27
Wed,2018/1/17 22:00,16
Wed,2018/1/17 23:00,15
Thu,2018/1/18 0:00,16
Thu,2018/1/18 1:00,4
Thu,2018/1/18 2:00,9
Thu,2018/1/18 3:00,14
Thu,2018/1/18 4:00,31
Thu,2018/1/18 5:00,13
Thu,2018/1/18 6:00,15
Thu,2018/1/18 7:00,52
Thu,2018/1/18 8:00,464
Thu,2018/1/18 9:00,387
Thu,2018/1/18 10:00,459
Thu,2018/1/18 11:00,289
Thu,2018/1/18 12:00,314
Thu,2018/1/18 13:00,285
Thu,2018/1/18 14:00,217
Thu,2018/1/18 15:00,142
Thu,2018/1/18 16:00,106
Thu,2018/1/18 17:00,78
Thu,2018/1/18 18:00,61
Thu,2018/1/18 19:00,44
Thu,2018/1/18 20:00,20
Thu,2018/1/18 21:00,18
Thu,2018/1/18 22:00,16
Thu,2018/1/18 23:00,17
Fri,2018/1/19 0:00,19
Fri,2018/1/19 1:00,9
Fri,2018/1/19 2:00,9
Fri,2018/1/19 3:00,13
Fri,2018/1/19 4:00,26
Fri,2018/1/19 5:00,1
Fri,2018/1/19 6:00,10
Fri,2018/1/19 7:00,40
Fri,2018/1/19 8:00,445
Fri,2018/1/19 9:00,364
Fri,2018/1/19 10:00,521
Fri,2018/1/19 11:00,323
Fri,2018/1/19 12:00,317
Fri,2018/1/19 13:00,223
Fri,2018/1/19 14:00,191
Fri,2018/1/19 15:00,167
Fri,2018/1/19 16:00,122
Fri,2018/1/19 17:00,86
Fri,2018/1/19 18:00,66
Fri,2018/1/19 19:00,32
Fri,2018/1/19 20:00,26
Fri,2018/1/19 21:00,15
Fri,2018/1/19 22:00,19
Fri,2018/1/19 23:00,14
Sat,2018/1/20 0:00,12
Sat,2018/1/20 1:00,6
Sat,2018/1/20 2:00,4
Sat,2018/1/20 3:00,11
Sat,2018/1/20 4:00,28
Sat,2018/1/20 5:00,5
Sat,2018/1/20 6:00,1
Sat,2018/1/20 7:00,8
Sat,2018/1/20 8:00,31
Sat,2018/1/20 9:00,59
Sat,2018/1/20 10:00,102
Sat,2018/1/20 11:00,85
Sat,2018/1/20 12:00,96
Sat,2018/1/20 13:00,78
Sat,2018/1/20 14:00,100
Sat,2018/1/20 15:00,88
Sat,2018/1/20 16:00,62
Sat,2018/1/20 17:00,35
Sat,2018/1/20 18:00,25
Sat,2018/1/20 19:00,19
Sat,2018/1/20 20:00,13
Sat,2018/1/20 21:00,10
Sat,2018/1/20 22:00,7
Sat,2018/1/20 23:00,5
Sun,2018/1/21 0:00,9
Sun,2018/1/21 1:00,6
Sun,2018/1/21 2:00,8
Sun,2018/1/21 3:00,9
Sun,2018/1/21 4:00,22
Sun,2018/1/21 5:00,9
Sun,2018/1/21 6:00,8
Sun,2018/1/21 7:00,8
Sun,2018/1/21 8:00,18
Sun,2018/1/21 9:00,49
Sun,2018/1/21 10:00,68
Sun,2018/1/21 11:00,48
Sun,2018/1/21 12:00,61
Sun,2018/1/21 13:00,70
Sun,2018/1/21 14:00,66
Sun,2018/1/21 15:00,53
Sun,2018/1/21 16:00,35
Sun,2018/1/21 17:00,37
Sun,2018/1/21 18:00,31
Sun,2018/1/21 19:00,48
Sun,2018/1/21 20:00,29
Sun,2018/1/21 21:00,12
Sun,2018/1/21 22:00,10
Sun,2018/1/21 23:00,12
Mon,2018/1/22 0:00,17
Mon,2018/1/22 1:00,17
Mon,2018/1/22 2:00,14
Mon,2018/1/22 3:00,12
Mon,2018/1/22 4:00,21
Mon,2018/1/22 5:00,6
Mon,2018/1/22 6:00,9
Mon,2018/1/22 7:00,50
Mon,2018/1/22 8:00,479
Mon,2018/1/22 9:00,462
Mon,2018/1/22 10:00,457
Mon,2018/1/22 11:00,294
Mon,2018/1/22 12:00,314
Mon,2018/1/22 13:00,241
Mon,2018/1/22 14:00,223
Mon,2018/1/22 15:00,179
Mon,2018/1/22 16:00,115
Mon,2018/1/22 17:00,93
Mon,2018/1/22 18:00,65
Mon,2018/1/22 19:00,43
Mon,2018/1/22 20:00,24
Mon,2018/1/22 21:00,24
Mon,2018/1/22 22:00,19
Mon,2018/1/22 23:00,11
Tue,2018/1/23 0:00,23
Tue,2018/1/23 1:00,11
Tue,2018/1/23 2:00,10
Tue,2018/1/23 3:00,18
Tue,2018/1/23 4:00,24
Tue,2018/1/23 5:00,7
Tue,2018/1/23 6:00,12
Tue,2018/1/23 7:00,37
Tue,2018/1/23 8:00,467
Tue,2018/1/23 9:00,465
Tue,2018/1/23 10:00,501
Tue,2018/1/23 11:00,339
Tue,2018/1/23 12:00,311
Tue,2018/1/23 13:00,252
Tue,2018/1/23 14:00,190
Tue,2018/1/23 15:00,151
Tue,2018/1/23 16:00,143
Tue,2018/1/23 17:00,84
Tue,2018/1/23 18:00,62
Tue,2018/1/23 19:00,40
Tue,2018/1/23 20:00,30
Tue,2018/1/23 21:00,17
Tue,2018/1/23 22:00,21
Tue,2018/1/23 23:00,11
Wed,2018/1/24 0:00,13
Wed,2018/1/24 1:00,7
Wed,2018/1/24 2:00,6
Wed,2018/1/24 3:00,13
Wed,2018/1/24 4:00,25
Wed,2018/1/24 5:00,3
Wed,2018/1/24 6:00,10
Wed,2018/1/24 7:00,41
Wed,2018/1/24 8:00,443
Wed,2018/1/24 9:00,369
Wed,2018/1/24 10:00,530
Wed,2018/1/24 11:00,310
Wed,2018/1/24 12:00,331
Wed,2018/1/24 13:00,236
Wed,2018/1/24 14:00,220
Wed,2018/1/24 15:00,143
Wed,2018/1/24 16:00,106
Wed,2018/1/24 17:00,86
Wed,2018/1/24 18:00,69
Wed,2018/1/24 19:00,49
Wed,2018/1/24 20:00,31
Wed,2018/1/24 21:00,17
Wed,2018/1/24 22:00,17
Wed,2018/1/24 23:00,8
Thu,2018/1/25 0:00,6
Thu,2018/1/25 1:00,10
Thu,2018/1/25 2:00,5
Thu,2018/1/25 3:00,11
Thu,2018/1/25 4:00,29
Thu,2018/1/25 5:00,11
Thu,2018/1/25 6:00,15
Thu,2018/1/25 7:00,35
Thu,2018/1/25 8:00,462
Thu,2018/1/25 9:00,376
Thu,2018/1/25 10:00,465
Thu,2018/1/25 11:00,264
Thu,2018/1/25 12:00,318
Thu,2018/1/25 13:00,300
Thu,2018/1/25 14:00,208
Thu,2018/1/25 15:00,174
Thu,2018/1/25 16:00,119
Thu,2018/1/25 17:00,104
Thu,2018/1/25 18:00,62
Thu,2018/1/25 19:00,44
Thu,2018/1/25 20:00,32
Thu,2018/1/25 21:00,34
Thu,2018/1/25 22:00,15
Thu,2018/1/25 23:00,10
Fri,2018/1/26 0:00,13
Fri,2018/1/26 1:00,8
Fri,2018/1/26 2:00,6
Fri,2018/1/26 3:00,10
Fri,2018/1/26 4:00,27
Fri,2018/1/26 5:00,7
Fri,2018/1/26 6:00,14
Fri,2018/1/26 7:00,40
Fri,2018/1/26 8:00,440
Fri,2018/1/26 9:00,475
Fri,2018/1/26 10:00,453
Fri,2018/1/26 11:00,302
Fri,2018/1/26 12:00,297
Fri,2018/1/26 13:00,214
Fri,2018/1/26 14:00,187
Fri,2018/1/26 15:00,123
Fri,2018/1/26 16:00,106
Fri,2018/1/26 17:00,62
Fri,2018/1/26 18:00,67
Fri,2018/1/26 19:00,62
Fri,2018/1/26 20:00,40
Fri,2018/1/26 21:00,26
Fri,2018/1/26 22:00,16
Fri,2018/1/26 23:00,15
Sat,2018/1/27 0:00,12
Sat,2018/1/27 1:00,11
Sat,2018/1/27 2:00,24
Sat,2018/1/27 3:00,27
Sat,2018/1/27 4:00,26
Sat,2018/1/27 5:00,2
Sat,2018/1/27 6:00,13
Sat,2018/1/27 7:00,22
Sat,2018/1/27 8:00,45
Sat,2018/1/27 9:00,65
Sat,2018/1/27 10:00,77
Sat,2018/1/27 11:00,62
Sat,2018/1/27 12:00,102
Sat,2018/1/27 13:00,123
Sat,2018/1/27 14:00,96
Sat,2018/1/27 15:00,74
Sat,2018/1/27 16:00,54
Sat,2018/1/27 17:00,62
Sat,2018/1/27 18:00,32
Sat,2018/1/27 19:00,19
Sat,2018/1/27 20:00,22
Sat,2018/1/27 21:00,8
Sat,2018/1/27 22:00,10
Sat,2018/1/27 23:00,7
Sun,2018/1/28 0:00,7
Sun,2018/1/28 1:00,6
Sun,2018/1/28 2:00,4
Sun,2018/1/28 3:00,9
Sun,2018/1/28 4:00,24
Sun,2018/1/28 5:00,7
Sun,2018/1/28 6:00,5
Sun,2018/1/28 7:00,6
Sun,2018/1/28 8:00,10
Sun,2018/1/28 9:00,27
Sun,2018/1/28 10:00,44
Sun,2018/1/28 11:00,66
Sun,2018/1/28 12:00,71
Sun,2018/1/28 13:00,89
Sun,2018/1/28 14:00,58
Sun,2018/1/28 15:00,48
Sun,2018/1/28 16:00,56
Sun,2018/1/28 17:00,26
Sun,2018/1/28 18:00,19
Sun,2018/1/28 19:00,10
Sun,2018/1/28 20:00,10
Sun,2018/1/28 21:00,18
Sun,2018/1/28 22:00,13
Sun,2018/1/28 23:00,12
Mon,2018/1/29 0:00,8
Mon,2018/1/29 1:00,8
Mon,2018/1/29 2:00,4
Mon,2018/1/29 3:00,11
Mon,2018/1/29 4:00,25
Mon,2018/1/29 5:00,6
Mon,2018/1/29 6:00,16
Mon,2018/1/29 7:00,44
Mon,2018/1/29 8:00,443
Mon,2018/1/29 9:00,429
Mon,2018/1/29 10:00,456
Mon,2018/1/29 11:00,259
Mon,2018/1/29 12:00,306
Mon,2018/1/29 13:00,218
Mon,2018/1/29 14:00,194
Mon,2018/1/29 15:00,147
Mon,2018/1/29 16:00,125
Mon,2018/1/29 17:00,89
Mon,2018/1/29 18:00,52
Mon,2018/1/29 19:00,36
Mon,2018/1/29 20:00,27
Mon,2018/1/29 21:00,13
Mon,2018/1/29 22:00,13
Mon,2018/1/29 23:00,17
Tue,2018/1/30 0:00,12
Tue,2018/1/30 1:00,13
Tue,2018/1/30 2:00,10
Tue,2018/1/30 3:00,13
Tue,2018/1/30 4:00,28
Tue,2018/1/30 5:00,4
Tue,2018/1/30 6:00,15
Tue,2018/1/30 7:00,43
Tue,2018/1/30 8:00,465
Tue,2018/1/30 9:00,402
Tue,2018/1/30 10:00,440
Tue,2018/1/30 11:00,299
Tue,2018/1/30 12:00,285
Tue,2018/1/30 13:00,233
Tue,2018/1/30 14:00,195
Tue,2018/1/30 15:00,156
Tue,2018/1/30 16:00,100
Tue,2018/1/30 17:00,116
Tue,2018/1/30 18:00,74
Tue,2018/1/30 19:00,45
Tue,2018/1/30 20:00,19
Tue,2018/1/30 21:00,23
Tue,2018/1/30 22:00,17
Tue,2018/1/30 23:00,14
Wed,2018/1/31 0:00,14
Wed,2018/1/31 1:00,16
Wed,2018/1/31 2:00,11
Wed,2018/1/31 3:00,18
Wed,2018/1/31 4:00,29
Wed,2018/1/31 5:00,8
Wed,2018/1/31 6:00,12
Wed,2018/1/31 7:00,47
Wed,2018/1/31 8:00,458
Wed,2018/1/31 9:00,383
Wed,2018/1/31 10:00,478
Wed,2018/1/31 11:00,299
Wed,2018/1/31 12:00,260
Wed,2018/1/31 13:00,213
Wed,2018/1/31 14:00,171
Wed,2018/1/31 15:00,159
Wed,2018/1/31 16:00,102
Wed,2018/1/31 17:00,67
Wed,2018/1/31 18:00,63
Wed,2018/1/31 19:00,44
Wed,2018/1/31 20:00,26
Wed,2018/1/31 21:00,9
Wed,2018/1/31 22:00,17
Wed,2018/1/31 23:00,6
Thu,2018/2/1 0:00,11
Thu,2018/2/1 1:00,11
Thu,2018/2/1 2:00,5
Thu,2018/2/1 3:00,9
Thu,2018/2/1 4:00,28
Thu,2018/2/1 5:00,8
Thu,2018/2/1 6:00,11
Thu,2018/2/1 7:00,42
Thu,2018/2/1 8:00,428
Thu,2018/2/1 9:00,371
Thu,2018/2/1 10:00,394
Thu,2018/2/1 11:00,285
Thu,2018/2/1 12:00,286
Thu,2018/2/1 13:00,247
Thu,2018/2/1 14:00,182
Thu,2018/2/1 15:00,151
Thu,2018/2/1 16:00,88
Thu,2018/2/1 17:00,81
Thu,2018/2/1 18:00,55
Thu,2018/2/1 19:00,33
Thu,2018/2/1 20:00,23
Thu,2018/2/1 21:00,13
Thu,2018/2/1 22:00,17
Thu,2018/2/1 23:00,8
Fri,2018/2/2 0:00,8
Fri,2018/2/2 1:00,12
Fri,2018/2/2 2:00,9
Fri,2018/2/2 3:00,18
Fri,2018/2/2 4:00,31
Fri,2018/2/2 5:00,7
Fri,2018/2/2 6:00,18
Fri,2018/2/2 7:00,41
Fri,2018/2/2 8:00,451
Fri,2018/2/2 9:00,399
Fri,2018/2/2 10:00,412
Fri,2018/2/2 11:00,279
Fri,2018/2/2 12:00,251
Fri,2018/2/2 13:00,222
Fri,2018/2/2 14:00,172
Fri,2018/2/2 15:00,118
Fri,2018/2/2 16:00,94
Fri,2018/2/2 17:00,74
Fri,2018/2/2 18:00,62
Fri,2018/2/2 19:00,44
Fri,2018/2/2 20:00,21
Fri,2018/2/2 21:00,10
Fri,2018/2/2 22:00,18
Fri,2018/2/2 23:00,6
Sat,2018/2/3 0:00,12
Sat,2018/2/3 1:00,7
Sat,2018/2/3 2:00,7
Sat,2018/2/3 3:00,11
Sat,2018/2/3 4:00,25
Sat,2018/2/3 5:00,8
Sat,2018/2/3 6:00,5
Sat,2018/2/3 7:00,13
Sat,2018/2/3 8:00,38
Sat,2018/2/3 9:00,63
Sat,2018/2/3 10:00,57
Sat,2018/2/3 11:00,90
Sat,2018/2/3 12:00,92
Sat,2018/2/3 13:00,81
Sat,2018/2/3 14:00,91
Sat,2018/2/3 15:00,63
Sat,2018/2/3 16:00,51
Sat,2018/2/3 17:00,43
Sat,2018/2/3 18:00,31
Sat,2018/2/3 19:00,20
Sat,2018/2/3 20:00,15
Sat,2018/2/3 21:00,11
Sat,2018/2/3 22:00,10
Sat,2018/2/3 23:00,5
Sun,2018/2/4 0:00,2
Sun,2018/2/4 1:00,7
Sun,2018/2/4 2:00,5
Sun,2018/2/4 3:00,9
Sun,2018/2/4 4:00,24
Sun,2018/2/4 5:00,3
Sun,2018/2/4 6:00,7
Sun,2018/2/4 7:00,6
Sun,2018/2/4 8:00,14
Sun,2018/2/4 9:00,27
Sun,2018/2/4 10:00,43
Sun,2018/2/4 11:00,61
Sun,2018/2/4 12:00,61
Sun,2018/2/4 13:00,101
Sun,2018/2/4 14:00,76
Sun,2018/2/4 15:00,61
Sun,2018/2/4 16:00,51
Sun,2018/2/4 17:00,38
Sun,2018/2/4 18:00,23
Sun,2018/2/4 19:00,19
Sun,2018/2/4 20:00,11
Sun,2018/2/4 21:00,19
Sun,2018/2/4 22:00,10
Sun,2018/2/4 23:00,5
Mon,2018/2/5 0:00,5
Mon,2018/2/5 1:00,7
Mon,2018/2/5 2:00,6
Mon,2018/2/5 3:00,12
Mon,2018/2/5 4:00,26
Mon,2018/2/5 5:00,5
Mon,2018/2/5 6:00,12
Mon,2018/2/5 7:00,48
Mon,2018/2/5 8:00,467
Mon,2018/2/5 9:00,438
Mon,2018/2/5 10:00,420
Mon,2018/2/5 11:00,293
Mon,2018/2/5 12:00,255
Mon,2018/2/5 13:00,247
Mon,2018/2/5 14:00,182
Mon,2018/2/5 15:00,120
Mon,2018/2/5 16:00,112
Mon,2018/2/5 17:00,129
Mon,2018/2/5 18:00,55
Mon,2018/2/5 19:00,38
Mon,2018/2/5 20:00,22
Mon,2018/2/5 21:00,26
Mon,2018/2/5 22:00,20
Mon,2018/2/5 23:00,26
Tue,2018/2/6 0:00,15
Tue,2018/2/6 1:00,27
Tue,2018/2/6 2:00,15
Tue,2018/2/6 3:00,17
Tue,2018/2/6 4:00,29
Tue,2018/2/6 5:00,11
Tue,2018/2/6 6:00,7
Tue,2018/2/6 7:00,40
Tue,2018/2/6 8:00,462
Tue,2018/2/6 9:00,418
Tue,2018/2/6 10:00,380
Tue,2018/2/6 11:00,278
Tue,2018/2/6 12:00,292
Tue,2018/2/6 13:00,200
Tue,2018/2/6 14:00,189
Tue,2018/2/6 15:00,126
Tue,2018/2/6 16:00,122
Tue,2018/2/6 17:00,85
Tue,2018/2/6 18:00,82
Tue,2018/2/6 19:00,47
Tue,2018/2/6 20:00,30
Tue,2018/2/6 21:00,16
Tue,2018/2/6 22:00,15
Tue,2018/2/6 23:00,18
Wed,2018/2/7 0:00,22
Wed,2018/2/7 1:00,12
Wed,2018/2/7 2:00,19
Wed,2018/2/7 3:00,17
Wed,2018/2/7 4:00,27
Wed,2018/2/7 5:00,4
Wed,2018/2/7 6:00,23
Wed,2018/2/7 7:00,40
Wed,2018/2/7 8:00,455
Wed,2018/2/7 9:00,363
Wed,2018/2/7 10:00,402
Wed,2018/2/7 11:00,259
Wed,2018/2/7 12:00,253
Wed,2018/2/7 13:00,273
Wed,2018/2/7 14:00,198
Wed,2018/2/7 15:00,172
Wed,2018/2/7 16:00,118
Wed,2018/2/7 17:00,96
Wed,2018/2/7 18:00,73
Wed,2018/2/7 19:00,46
Wed,2018/2/7 20:00,49
Wed,2018/2/7 21:00,22
Wed,2018/2/7 22:00,13
Wed,2018/2/7 23:00,10
Thu,2018/2/8 0:00,17
Thu,2018/2/8 1:00,13
Thu,2018/2/8 2:00,10
Thu,2018/2/8 3:00,15
Thu,2018/2/8 4:00,33
Thu,2018/2/8 5:00,9
Thu,2018/2/8 6:00,9
Thu,2018/2/8 7:00,51
Thu,2018/2/8 8:00,443
Thu,2018/2/8 9:00,385
Thu,2018/2/8 10:00,395
Thu,2018/2/8 11:00,282
Thu,2018/2/8 12:00,292
Thu,2018/2/8 13:00,222
Thu,2018/2/8 14:00,153
Thu,2018/2/8 15:00,151
Thu,2018/2/8 16:00,101
Thu,2018/2/8 17:00,87
Thu,2018/2/8 18:00,71
Thu,2018/2/8 19:00,33
Thu,2018/2/8 20:00,29
Thu,2018/2/8 21:00,23
Thu,2018/2/8 22:00,25
Thu,2018/2/8 23:00,3
Fri,2018/2/9 0:00,22
Fri,2018/2/9 1:00,19
Fri,2018/2/9 2:00,8
Fri,2018/2/9 3:00,15
Fri,2018/2/9 4:00,25
Fri,2018/2/9 5:00,6
Fri,2018/2/9 6:00,16
Fri,2018/2/9 7:00,48
Fri,2018/2/9 8:00,446
Fri,2018/2/9 9:00,413
Fri,2018/2/9 10:00,399
Fri,2018/2/9 11:00,253
Fri,2018/2/9 12:00,275
Fri,2018/2/9 13:00,240
Fri,2018/2/9 14:00,214
Fri,2018/2/9 15:00,161
Fri,2018/2/9 16:00,186
Fri,2018/2/9 17:00,102
Fri,2018/2/9 18:00,63
Fri,2018/2/9 19:00,29
Fri,2018/2/9 20:00,28
Fri,2018/2/9 21:00,14
Fri,2018/2/9 22:00,5
Fri,2018/2/9 23:00,6
Sat,2018/2/10 0:00,10
Sat,2018/2/10 1:00,11
Sat,2018/2/10 2:00,9
Sat,2018/2/10 3:00,9
Sat,2018/2/10 4:00,41
Sat,2018/2/10 5:00,4
Sat,2018/2/10 6:00,6
Sat,2018/2/10 7:00,16
Sat,2018/2/10 8:00,48
Sat,2018/2/10 9:00,74
Sat,2018/2/10 10:00,68
Sat,2018/2/10 11:00,93
Sat,2018/2/10 12:00,92
Sat,2018/2/10 13:00,89
Sat,2018/2/10 14:00,84
Sat,2018/2/10 15:00,64
Sat,2018/2/10 16:00,58
Sat,2018/2/10 17:00,40
Sat,2018/2/10 18:00,32
Sat,2018/2/10 19:00,25
Sat,2018/2/10 20:00,19
Sat,2018/2/10 21:00,14
Sat,2018/2/10 22:00,13
Sat,2018/2/10 23:00,6
Sun,2018/2/11 0:00,5
Sun,2018/2/11 1:00,2
Sun,2018/2/11 2:00,3
Sun,2018/2/11 3:00,7
Sun,2018/2/11 4:00,36
Sun,2018/2/11 5:00,7
Sun,2018/2/11 6:00,2
Sun,2018/2/11 7:00,10
Sun,2018/2/11 8:00,9
Sun,2018/2/11 9:00,17
Sun,2018/2/11 10:00,41
Sun,2018/2/11 11:00,54
Sun,2018/2/11 12:00,58
Sun,2018/2/11 13:00,80
Sun,2018/2/11 14:00,65
Sun,2018/2/11 15:00,50
Sun,2018/2/11 16:00,40
Sun,2018/2/11 17:00,37
Sun,2018/2/11 18:00,26
Sun,2018/2/11 19:00,18
Sun,2018/2/11 20:00,20
Sun,2018/2/11 21:00,13
Sun,2018/2/11 22:00,9
Sun,2018/2/11 23:00,9
Mon,2018/2/12 0:00,7
Mon,2018/2/12 1:00,10
Mon,2018/2/12 2:00,8
Mon,2018/2/12 3:00,15
Mon,2018/2/12 4:00,27
Mon,2018/2/12 5:00,9
Mon,2018/2/12 6:00,8
Mon,2018/2/12 7:00,8
Mon,2018/2/12 8:00,18
Mon,2018/2/12 9:00,63
Mon,2018/2/12 10:00,84
Mon,2018/2/12 11:00,95
Mon,2018/2/12 12:00,99
Mon,2018/2/12 13:00,97
Mon,2018/2/12 14:00,71
Mon,2018/2/12 15:00,58
Mon,2018/2/12 16:00,56
Mon,2018/2/12 17:00,30
Mon,2018/2/12 18:00,34
Mon,2018/2/12 19:00,30
Mon,2018/2/12 20:00,30
Mon,2018/2/12 21:00,19
Mon,2018/2/12 22:00,7
Mon,2018/2/12 23:00,12
Tue,2018/2/13 0:00,16
Tue,2018/2/13 1:00,13
Tue,2018/2/13 2:00,6
Tue,2018/2/13 3:00,13
Tue,2018/2/13 4:00,39
Tue,2018/2/13 5:00,10
Tue,2018/2/13 6:00,16
Tue,2018/2/13 7:00,46
Tue,2018/2/13 8:00,491
Tue,2018/2/13 9:00,420
Tue,2018/2/13 10:00,471
Tue,2018/2/13 11:00,311
Tue,2018/2/13 12:00,246
Tue,2018/2/13 13:00,262
Tue,2018/2/13 14:00,269
Tue,2018/2/13 15:00,170
Tue,2018/2/13 16:00,167
Tue,2018/2/13 17:00,138
Tue,2018/2/13 18:00,64
Tue,2018/2/13 19:00,70
Tue,2018/2/13 20:00,30
Tue,2018/2/13 21:00,20
Tue,2018/2/13 22:00,23
Tue,2018/2/13 23:00,14
Wed,2018/2/14 0:00,27
Wed,2018/2/14 1:00,23
Wed,2018/2/14 2:00,12
Wed,2018/2/14 3:00,13
Wed,2018/2/14 4:00,41
Wed,2018/2/14 5:00,7
Wed,2018/2/14 6:00,12
Wed,2018/2/14 7:00,57
Wed,2018/2/14 8:00,462
Wed,2018/2/14 9:00,420
Wed,2018/2/14 10:00,389
Wed,2018/2/14 11:00,302
Wed,2018/2/14 12:00,326
Wed,2018/2/14 13:00,259
Wed,2018/2/14 14:00,218
Wed,2018/2/14 15:00,151
Wed,2018/2/14 16:00,141
Wed,2018/2/14 17:00,96
Wed,2018/2/14 18:00,1
Wed,2018/2/14 19:00,1
Wed,2018/2/14 21:00,139
Wed,2018/2/14 22:00,30
Wed,2018/2/14 23:00,16
Thu,2018/2/15 0:00,13
Thu,2018/2/15 1:00,16
Thu,2018/2/15 2:00,8
Thu,2018/2/15 3:00,10
Thu,2018/2/15 4:00,35
Thu,2018/2/15 5:00,8
Thu,2018/2/15 6:00,15
Thu,2018/2/15 7:00,40
Thu,2018/2/15 8:00,453
Thu,2018/2/15 9:00,415
Thu,2018/2/15 10:00,381
Thu,2018/2/15 11:00,283
Thu,2018/2/15 12:00,246
Thu,2018/2/15 13:00,255
Thu,2018/2/15 14:00,179
Thu,2018/2/15 15:00,295
Thu,2018/2/15 16:00,297
Thu,2018/2/15 17:00,151
Thu,2018/2/15 18:00,45
Thu,2018/2/15 19:00,34
Thu,2018/2/15 20:00,27
Thu,2018/2/15 21:00,34
Thu,2018/2/15 22:00,32
Thu,2018/2/15 23:00,14
Fri,2018/2/16 0:00,19
Fri,2018/2/16 1:00,9
Fri,2018/2/16 2:00,19
Fri,2018/2/16 3:00,18
Fri,2018/2/16 4:00,37
Fri,2018/2/16 5:00,8
Fri,2018/2/16 6:00,17
Fri,2018/2/16 7:00,64
Fri,2018/2/16 8:00,478
Fri,2018/2/16 9:00,498
Fri,2018/2/16 10:00,453
Fri,2018/2/16 11:00,344
Fri,2018/2/16 12:00,305
Fri,2018/2/16 13:00,229
Fri,2018/2/16 14:00,226
Fri,2018/2/16 15:00,235
Fri,2018/2/16 16:00,171
Fri,2018/2/16 17:00,168
Fri,2018/2/16 18:00,120
Fri,2018/2/16 19:00,49
Fri,2018/2/16 20:00,59
Fri,2018/2/16 21:00,46
Fri,2018/2/16 22:00,52
Fri,2018/2/16 23:00,20
Sat,2018/2/17 0:00,67
Sat,2018/2/17 1:00,72
Sat,2018/2/17 2:00,39
Sat,2018/2/17 3:00,63
Sat,2018/2/17 4:00,68
Sat,2018/2/17 5:00,57
Sat,2018/2/17 6:00,48
Sat,2018/2/17 7:00,117
Sat,2018/2/17 8:00,138
Sat,2018/2/17 9:00,168
Sat,2018/2/17 10:00,154
Sat,2018/2/17 11:00,146
Sat,2018/2/17 12:00,145
Sat,2018/2/17 13:00,184
Sat,2018/2/17 14:00,257
Sat,2018/2/17 15:00,291
Sat,2018/2/17 16:00,176
Sat,2018/2/17 17:00,128
Sat,2018/2/17 18:00,115
Sat,2018/2/17 19:00,91
Sat,2018/2/17 20:00,121
Sat,2018/2/17 21:00,137
Sat,2018/2/17 22:00,243
Sat,2018/2/17 23:00,152
Sun,2018/2/18 0:00,124
Sun,2018/2/18 1:00,95
Sun,2018/2/18 2:00,91
Sun,2018/2/18 3:00,116
Sun,2018/2/18 4:00,124
Sun,2018/2/18 5:00,212
Sun,2018/2/18 6:00,98
Sun,2018/2/18 7:00,110
Sun,2018/2/18 8:00,99
Sun,2018/2/18 9:00,154
Sun,2018/2/18 10:00,156
Sun,2018/2/18 11:00,125
Sun,2018/2/18 12:00,121
Sun,2018/2/18 13:00,162
Sun,2018/2/18 14:00,122
Sun,2018/2/18 15:00,121
Sun,2018/2/18 16:00,138
Sun,2018/2/18 17:00,100
Sun,2018/2/18 18:00,121
Sun,2018/2/18 19:00,116
Sun,2018/2/18 20:00,85
Sun,2018/2/18 21:00,81
Sun,2018/2/18 22:00,87
Sun,2018/2/18 23:00,79
Mon,2018/2/19 0:00,83
Mon,2018/2/19 1:00,83
Mon,2018/2/19 2:00,84
Mon,2018/2/19 3:00,91
Mon,2018/2/19 4:00,144
Mon,2018/2/19 5:00,101
Mon,2018/2/19 6:00,86
Mon,2018/2/19 7:00,104
Mon,2018/2/19 8:00,565
Mon,2018/2/19 9:00,418
Mon,2018/2/19 10:00,525
Mon,2018/2/19 11:00,385
Mon,2018/2/19 12:00,315
Mon,2018/2/19 13:00,351
Mon,2018/2/19 14:00,210
Mon,2018/2/19 15:00,158
Mon,2018/2/19 16:00,86
Mon,2018/2/19 17:00,105
Mon,2018/2/19 18:00,92
Mon,2018/2/19 19:00,57
Mon,2018/2/19 20:00,37
Mon,2018/2/19 21:00,12
Mon,2018/2/19 22:00,19
Mon,2018/2/19 23:00,15
Tue,2018/2/20 0:00,11
Tue,2018/2/20 1:00,22
Tue,2018/2/20 2:00,12
Tue,2018/2/20 3:00,15
Tue,2018/2/20 4:00,34
Tue,2018/2/20 5:00,6
Tue,2018/2/20 6:00,15
Tue,2018/2/20 7:00,53
Tue,2018/2/20 8:00,500
Tue,2018/2/20 9:00,487
Tue,2018/2/20 10:00,356
Tue,2018/2/20 11:00,251
Tue,2018/2/20 12:00,273
Tue,2018/2/20 13:00,214
Tue,2018/2/20 14:00,177
Tue,2018/2/20 15:00,144
Tue,2018/2/20 16:00,146
Tue,2018/2/20 17:00,73
Tue,2018/2/20 18:00,57
Tue,2018/2/20 19:00,35
Tue,2018/2/20 20:00,20
Tue,2018/2/20 21:00,15
Tue,2018/2/20 22:00,18
Tue,2018/2/20 23:00,20
Wed,2018/2/21 0:00,11
Wed,2018/2/21 1:00,4
Wed,2018/2/21 2:00,8
Wed,2018/2/21 3:00,12
Wed,2018/2/21 4:00,38
Wed,2018/2/21 5:00,10
Wed,2018/2/21 6:00,10
Wed,2018/2/21 7:00,30
Wed,2018/2/21 8:00,470
Wed,2018/2/21 9:00,344
Wed,2018/2/21 10:00,408
Wed,2018/2/21 11:00,279
Wed,2018/2/21 12:00,239
Wed,2018/2/21 13:00,170
Wed,2018/2/21 14:00,150
Wed,2018/2/21 15:00,116
Wed,2018/2/21 16:00,99
Wed,2018/2/21 17:00,77
Wed,2018/2/21 18:00,57
Wed,2018/2/21 19:00,42
Wed,2018/2/21 20:00,31
Wed,2018/2/21 21:00,19
Wed,2018/2/21 22:00,10
Wed,2018/2/21 23:00,8
Thu,2018/2/22 0:00,13
Thu,2018/2/22 1:00,23
Thu,2018/2/22 2:00,9
Thu,2018/2/22 3:00,13
Thu,2018/2/22 4:00,27
Thu,2018/2/22 5:00,8
Thu,2018/2/22 6:00,11
Thu,2018/2/22 7:00,42
Thu,2018/2/22 8:00,443
Thu,2018/2/22 9:00,375
Thu,2018/2/22 10:00,347
Thu,2018/2/22 11:00,252
Thu,2018/2/22 12:00,236
Thu,2018/2/22 13:00,191
Thu,2018/2/22 14:00,121
Thu,2018/2/22 15:00,130
Thu,2018/2/22 16:00,106
Thu,2018/2/22 17:00,75
Thu,2018/2/22 18:00,50
Thu,2018/2/22 19:00,33
Thu,2018/2/22 20:00,26
Thu,2018/2/22 21:00,25
Thu,2018/2/22 22:00,21
Thu,2018/2/22 23:00,14
Fri,2018/2/23 0:00,8
Fri,2018/2/23 1:00,13
Fri,2018/2/23 2:00,8
Fri,2018/2/23 3:00,18
Fri,2018/2/23 4:00,40
Fri,2018/2/23 5:00,3
Fri,2018/2/23 6:00,15
Fri,2018/2/23 7:00,48
Fri,2018/2/23 8:00,446
Fri,2018/2/23 9:00,395
Fri,2018/2/23 10:00,386
Fri,2018/2/23 11:00,227
Fri,2018/2/23 12:00,215
Fri,2018/2/23 13:00,206
Fri,2018/2/23 14:00,153
Fri,2018/2/23 15:00,111
Fri,2018/2/23 16:00,104
Fri,2018/2/23 17:00,108
Fri,2018/2/23 18:00,49
Fri,2018/2/23 19:00,37
Fri,2018/2/23 20:00,20
Fri,2018/2/23 21:00,15
Fri,2018/2/23 22:00,15
Fri,2018/2/23 23:00,11
Sat,2018/2/24 0:00,8
Sat,2018/2/24 1:00,4
Sat,2018/2/24 2:00,6
Sat,2018/2/24 3:00,9
Sat,2018/2/24 4:00,30
Sat,2018/2/24 5:00,3
Sat,2018/2/24 6:00,4
Sat,2018/2/24 7:00,15
Sat,2018/2/24 8:00,25
Sat,2018/2/24 9:00,66
Sat,2018/2/24 10:00,59
Sat,2018/2/24 11:00,62
Sat,2018/2/24 12:00,63
Sat,2018/2/24 13:00,70
Sat,2018/2/24 14:00,69
Sat,2018/2/24 15:00,51
Sat,2018/2/24 16:00,37
Sat,2018/2/24 17:00,38
Sat,2018/2/24 18:00,22
Sat,2018/2/24 19:00,16
Sat,2018/2/24 20:00,14
Sat,2018/2/24 21:00,14
Sat,2018/2/24 22:00,7
Sat,2018/2/24 23:00,8
Sun,2018/2/25 0:00,2
Sun,2018/2/25 1:00,9
Sun,2018/2/25 2:00,3
Sun,2018/2/25 3:00,10
Sun,2018/2/25 4:00,32
Sun,2018/2/25 5:00,9
Sun,2018/2/25 6:00,21
Sun,2018/2/25 7:00,44
Sun,2018/2/25 8:00,42
Sun,2018/2/25 9:00,22
Sun,2018/2/25 10:00,47
Sun,2018/2/25 11:00,44
Sun,2018/2/25 12:00,70
Sun,2018/2/25 13:00,54
Sun,2018/2/25 14:00,48
Sun,2018/2/25 15:00,52
Sun,2018/2/25 16:00,29
Sun,2018/2/25 17:00,53
Sun,2018/2/25 18:00,49
Sun,2018/2/25 19:00,14
Sun,2018/2/25 20:00,10
Sun,2018/2/25 21:00,11
Sun,2018/2/25 22:00,10
Sun,2018/2/25 23:00,8
Mon,2018/2/26 0:00,7
Mon,2018/2/26 1:00,7
Mon,2018/2/26 2:00,5
Mon,2018/2/26 3:00,7
Mon,2018/2/26 4:00,27
Mon,2018/2/26 5:00,5
Mon,2018/2/26 6:00,9
Mon,2018/2/26 7:00,33
Mon,2018/2/26 8:00,439
Mon,2018/2/26 9:00,357
Mon,2018/2/26 10:00,358
Mon,2018/2/26 11:00,227
Mon,2018/2/26 12:00,226
Mon,2018/2/26 13:00,223
Mon,2018/2/26 14:00,140
Mon,2018/2/26 15:00,30