,0
0,0.013030648344337962
1,0.01327035791502171
2,0.013223798084329576
3,0.013020117382892087
4,0.012845391935338695
5,0.01247831819808269
6,0.013288631306924354
7,0.005316676273824077
8,0.013223251303759866
9,0.006292627434542981
10,0.01287431626574442
11,0.011531132927037946
12,0.006509515523150104
13,0.013260667844985407
14,0.01108497663232086
15,0.012846839708731319
16,0.013152473306529956
17,0.012560541079414
18,0.01293085755986409
19,0.012864195352808444
20,0.012544561737380252
21,0.013292496376872662
22,0.013288843756034174
23,0.013274497972264479
24,0.013201042837923255
25,0.013143229267889887
26,0.012342957269202981
27,0.012642140956000998
28,0.010232057304774828
29,0.005923921964812811
30,0.007873973524207082
31,0.005435299277267011
32,3.0081237726569828e-06
33,4.494018956869611e-07
34,1.9474585919107813e-06
35,0.0009097507941237222
36,0.01303454276401127
37,0.00023736298292750975
38,0.009807348594999815
39,0.010487038962556003
40,0.005658394141065364
41,0.01156715661568803
42,0.013243141663259052
43,0.012970258643741345
44,0.008644670610704867
45,0.008895169255074165
46,0.005592071568844637
47,0.002742264768540841
48,0.0018933646130154783
49,0.004833289685586762
50,0.005216606567014482
51,0.00501451275044669
52,0.012796742834531222
53,0.013114688700368273
54,0.013237880063229436
55,0.012684386793693462
56,0.008786374569103667
57,0.012508102255589237
58,0.012217355649588575
59,0.01320588520286276
60,0.009495328397677598
61,0.0126064103636812
62,0.006057188479567679
63,0.0052295476259810484
64,0.0027677898821354308
65,2.0735743257379414e-15
66,0.002490940568238236
67,0.009538562899097831
68,0.005530456055374681
69,0.013157657927001486
70,0.01324224755508831
71,0.012928210016401504
72,0.012280464234206727
73,0.013290071771437676
74,0.011083174243613129
75,0.010902531966690736
76,0.013210280973377819
77,0.011279861472563952
78,0.011982216263168857
79,0.005003195660825338
80,0.011827724955356674
81,2.2761306176821666e-05
82,0.002562758842887143
83,0.007515672788580943
84,0.005795919842493286
85,0.012779737205686915
86,0.005611712252457088
87,0.010477984617888797
88,0.013295672170141855
89,0.013294918699878111
90,0.008929057580730603
91,0.010762210950276997
92,0.010184878866271709
93,0.011371423245439395
94,0.008314873132053785
95,0.010024344295263755
96,0.008778409636614587
97,0.01146368385947104
98,0.010249540009298468
99,0.010780871099632477
100,0.01322863150794504
101,0.010001354203464883
102,0.012974471849421415
103,0.012616736049994344
104,9.476220358993186e-05
105,0.0009191699500169006
106,0.012563898509220938
107,0.004467424196466687
108,0.000521817998998378
109,0.006206531030904081
110,0.0038107527021809156
111,0.0011577869152932369
112,0.004774022826190361
113,0.012736057725150443
114,0.013028711163412003
115,0.009440459302319359
116,0.008786041356601156
117,0.010189488241560862
118,0.011642977979271017
119,0.00843182480367167
120,0.012096564512436394
121,0.011440635684357603
122,0.009704860532117185
123,0.009790878852173078
124,0.013114915203153379
125,0.011826716688649314
126,0.011749573289288367
127,0.01104328142528793
128,0.009590089814895007
129,0.013295455456698534
130,0.003037064278673185
131,0.010139347687001577
132,0.007923601772399902
133,0.01328215861382486
134,0.01312598905419495
135,0.011971380204825266
136,0.012998451924621667
137,0.0074828354055203146
138,0.010965417607811632
139,0.00839652859522955
140,0.010486523973833265
141,0.01062071228092176
142,0.01183294427496037
143,0.01241532556437983
144,0.012965267558484431
145,0.01275055394271279
146,0.013174864687972463
147,0.012960590409272226
148,0.013263229372154689
149,0.01319385361184453
150,0.013284358532828016
151,0.013268256716333167
152,0.01304479905305345
153,0.010308598458714492
154,0.009845043533087539
155,0.013154897236968005
156,0.005275818629619441
157,0.01012459531425178
158,0.006459876565331179
159,0.013256536583136755
160,0.013045144094730041
161,0.007781220642383438
162,0.011803672250270245
163,0.012221449774103192
164,0.013288229121028866
165,0.01329266969301682
166,0.013296226142165475
167,0.013288318946283243
168,0.01323374264758077
169,0.01320095779781034
170,0.012583958761317019
171,0.013038134952207327
172,0.011128339253671515
173,0.013270345815705329
174,0.012723064340181394
175,0.012872521517465145
176,0.013086071688727387
177,0.01298073647486883
178,0.010366503941613455
179,0.009115681855206875
180,0.0006433488683486051
181,0.011260024969386839
182,0.008807362550621088
183,0.013070862402901066
184,0.013242202542299639
185,0.013179857224801987
186,0.012480150277555193
187,0.01183709867986465
188,0.013270711519888893
189,0.012849387840442848
190,0.013269013612789255
191,0.013262270146225006
192,0.012372262261268594
193,0.013298010365686463
194,0.01321778295458923
195,0.013294459202113812
196,0.010391709759448529
197,0.013206132311391134
198,0.01152402594061973
199,0.013270992430344459
200,0.000862432034659392
201,0.008360653435299237
202,0.013297708717431423
203,0.01143995524477332
204,0.012493153934917355
205,0.007579052771134739
206,0.013282239059863237
207,0.012831118929137152
208,0.011824821868974605
209,0.013248297930611896
210,0.01157116619919492
211,0.01329301109121059
212,0.012510174074716553
213,0.013260131595767749
214,0.013252166470170306
215,0.012203746508560312
216,0.010999431293047871
217,0.009808721036788292
218,0.012056419942246746
219,0.012714273788808612
220,0.010358230925941117
221,0.012819790787514801
222,0.002686537689133029
223,4.9189685933559865e-08
224,0.010508547863203817
225,0.007704981166118301
226,8.760991784468966e-05
227,0.013239070242590242
228,0.0128320823388549
229,0.008344128022388039
230,0.013296727066126867
231,0.011628416040096725
232,0.010861685025249394
233,0.010951483318635316
234,0.012276003190153751
235,0.013057516960416217
236,0.013278782722334789
237,0.013277611964970409
238,0.012215121281221706
239,0.013261887034529293
240,0.012645042910481597
241,0.013082876296090342
242,0.013091689384168319
243,0.012790180522917747
244,0.012745739997312412
245,0.01274937262296489
246,0.013280894615265113
247,0.012474022737783952
248,0.013297584926196043
249,0.012189425930647976
250,0.0070513722190236865
251,0.005073175687368961
252,0.013138348931190985
253,0.011080953641943302
254,0.0012501569042757618
255,0.012170456889055298
256,0.012478186242699205
257,0.013245697953220836
258,0.013290987767400219
259,0.01208971447386304
260,0.01321082929405698
261,0.01310559993700689
262,0.013278567826888056
263,0.013204209780610189
264,0.013281827693935367
265,0.01293512261704793
266,0.013143082961281301
267,0.013218430632576866
268,0.012847520575145573
269,0.01253411099975995
270,0.013293978080859909
271,0.01276547805441813
272,0.013254170273123608
273,0.011079777963610433
274,0.013294975529653868
275,0.013114818583320826
276,0.01183311329561335
277,0.012271116265139522
278,0.01157785274811803
279,0.010364518973811155
280,0.008869380964261358
281,0.013266990922105976
282,0.01241768829096865
283,0.013297937503144635
284,0.013102789706653342
285,0.013280810052865617
286,0.013010866194116288
287,0.013214733376236612
288,0.01329806849067087
289,0.013295653159303335
290,0.012519841963812743
291,0.012956871722822233
292,0.013273006260169634
293,0.012661200827526259
294,0.012732084404954167
295,0.01324838922219236
296,0.012932987027643764
297,0.008078813896247879
298,0.013295577813221484
299,0.009693387982894701
300,0.012284188307100442
301,0.008420134990105578
302,0.010645483521334171
303,0.01137549788874672
304,0.012746107121537361
305,0.012839163619688211
306,0.013161095089837356
307,0.013102394764311619
308,0.013246863786946944
309,0.01325475539365039
310,0.013250462594995288
311,0.013001256137695932
312,0.012972851067390802
313,0.013293853201830769
314,0.013237367733001939
315,0.012790583138684052
316,0.01302868530889823
317,0.013069445291859407
318,0.011838202972423708
319,0.013275927518010718
320,0.00958509871783268
321,0.009836722685300895
322,0.008333543510192241
323,0.004823174666980288
324,0.013180771356793974
325,0.007890082378813971
326,0.011279319573680623
327,0.013129274167649311
328,0.004112988312099387
329,0.011732246505358418
330,0.013053336845894074
331,0.013263879448894325
332,0.013018290128618515
333,0.012661705893089655
334,0.013280563609098532
335,0.013015239464307066
336,0.013113585806608917
337,0.01326356336859203
338,0.012933702289913085
339,0.012136985884758674
340,0.01323454498577952
341,0.011199823424374866
342,0.01327766988763118
343,0.013062650590930765
344,0.007735108492322074
345,0.012868492802655566
346,0.009507003572740489
347,0.012674022675680414
348,0.011587544663210577
349,0.013262166862273902
350,0.011195190933471207
351,0.012289419531987193
352,0.012485171971026601
353,0.010918859406418692
354,0.013170537137696182
355,0.013294838716792861
356,0.013121664146931594
357,0.01324510617533149
358,0.01326800010464903
359,0.013297431672297206
360,0.013191281864733425
361,0.012900326006863272
362,0.012782064359412319
363,0.012532016256459113
364,0.013149539583085975
365,0.012985202082944047
366,0.013263629022726547
367,0.013010501774156063
368,0.013060895661627424
369,0.009053727224464061
370,0.01167491724767989
371,0.006371734708753079
372,0.00934631344032336
373,0.004875118128197257
374,0.013297478439958824
375,0.013087266648962747
376,0.013072294870590688
377,0.013201556535231116
378,0.013264999272619813
379,0.012413451549290614
380,0.013245025156553791
381,0.01326690361435177
382,0.013232726255435184
383,0.012887874574387014
384,0.013141514052896545
385,0.013215404757523336
386,0.012589700550721708
387,0.01321792871574006
388,0.012918848155449263
389,0.013048652515829802
390,0.01329777899196385
391,0.01326868510992132
392,0.008522455831847213
393,0.012937523817609757
394,0.005723718341865067
395,0.004017647820231671
396,0.00832288498665464
397,0.012865670202839087
398,0.012880577993330866
399,0.004920224578932067
400,0.013129063579912214
401,0.012612574893995341
402,0.01317521253985634
403,0.013133573719061375
404,0.013065509732408661
405,0.013279470625749619
406,0.013285416244309345
407,0.013151155039875552
408,0.013087882536635181
409,0.013220549514407846
410,0.01252357243892034
411,0.012924608612152218
412,0.011276599004667896
413,0.0126828600019041
414,0.013214781209697277
415,0.012594059965900732
416,0.0077583075468500295
417,0.00637397029414468
418,0.0002833715623091742
419,0.011986288382413805
420,0.006622730066343631
421,0.01321559711119981
422,0.010309698594761397
423,0.008106298819077496
424,0.010855825091849715
425,0.012950725200458991
426,0.012457440001355458
427,0.013295301593475965
428,0.013095307244937689
429,0.013287802965477892
430,0.013222674609514172
431,0.013131546961921167
432,0.012435147868747965
433,0.013267820078217115
434,0.013229468588644749
435,0.01329643725442118
436,0.013081463134451493
437,0.011787810009528719
438,0.013298032372586423
439,0.010317099935029867
440,0.011809953823116845
441,0.012126000603841284
442,0.01144002114633182
443,0.013282252173069903
444,0.010096648540531243
445,0.012845875605361323
446,0.01277937626927684
447,0.01272545856427183
448,0.013029931640142097
449,0.013264926750652302
450,0.012567806987038473
451,0.013180658276171235
452,0.013293987973114013
453,0.01328567879676142
454,0.013073081122334382
455,0.013239969220629401
456,0.013061673402874015
457,0.013087743088776168
458,0.013266726381572365
459,0.012993195398416972
460,0.013289066250547129
461,0.011453271949311505
462,0.013289457589044994
463,0.013196048658169165
464,0.00903976952337755
465,0.008658200525492078
466,0.006934449225494046
467,0.010195033598886821
468,0.0070534838325495425
469,0.012773667487139012
470,0.013149126575231049
471,0.007437734347905258
472,0.013075761324482004
473,0.010735771659836803
474,0.012687560206993274
475,0.012459446538864244
476,0.013017512781262713
477,0.013082332821831242
478,0.013262446286407522
479,0.013148650466889284
480,0.01329688881159854
481,0.012980721763252509
482,0.013295817853813181
483,0.013223106983972745
484,0.01320773723866957
485,0.0120393210306337
486,0.012900924719777484
487,0.011696047637815071
488,0.013167672514370342
489,0.013250691853744575
490,0.008297772639197686
491,0.013297849585820117
492,0.013176445812239182
493,0.011625493210727875
494,0.013187460273479988
495,0.011282429948776892
496,0.012604475546193894
497,0.012137630600644723
498,0.013274708844334371
499,0.013077608822907507
500,0.011760303065270443
501,0.013062477484399157
502,0.012749044983728103
503,0.013187106768591018
504,0.01247583487326254
505,0.013289718936592535
506,0.010865171823920895
507,0.01210350895401671
508,0.013052930924762302
509,0.012876867234074194
510,0.012898218194879138
511,0.012986150049945583
512,0.013051420887192555
513,0.013285193040105062
514,0.010175519796691285
515,0.004850173389630299
516,0.007937850441237902
517,0.011532874387414623
518,0.012587199558535376
519,0.00899734847024497
520,0.01323226486274352
521,0.013092098738233816
522,0.013229935156112432
523,0.012580934969688097
524,0.013013007383801302
525,0.01292302972073136
526,0.013235517298767126
527,0.01316610951623338
528,0.013223099880604513
529,0.013158947875835632
530,0.012814247078237782
531,0.013099033881291338
532,0.012945116906120298
533,0.01230348309573579
534,0.013262310078660335
535,0.009923940434928356
536,0.01235123012929129
537,0.0037550466573980316
538,0.012000636121402756
539,0.011139893864792942
540,0.011542649180264446
541,0.012348680055178763
542,0.0072483432145814845
543,0.010134556841792975
544,0.012101582963805525
545,0.011797904890594926
546,0.013277939447134792
547,0.012563106443505147
548,0.012910029767458694
549,0.01325091039371099
550,0.013124590516111133
551,0.011640467167037424
552,0.013103164368392047
553,0.012161861908046075
554,0.013297865432995873
555,0.013225010008261056
556,0.013193367018041167
557,0.011324433938776876
558,0.0132979551689219
559,0.013230748893998412
560,0.00027518295795871215
561,0.005836898724439186
562,0.004465468632985832
563,0.004031129543642184
564,0.009583600567640562
565,0.013292366731766096
566,0.011020289693925739
567,0.012958495578167448
568,0.004275071850286553
569,0.012184267507910657
570,0.013297801230767894
571,0.012659513963306206
572,0.013277937091378283
573,0.012963337668721835
574,0.013240390673360098
575,0.012518267574673978
576,0.013118947175771485
577,0.013287546689197205
578,0.012960014644848137
579,0.012450006687723251
580,0.013175860873807012
581,0.012137277925917017
582,0.013243763098117832
583,0.012738634883003593
584,0.012889218880812795
585,0.0045496338682734045
586,6.549295529331331e-07
587,0.003534370856427761
588,0.002519936920195409
589,0.002970011740239854
590,0.004356513327350598
591,0.008573208192027785
592,0.013248725757121
593,0.012117635776016036
594,0.011628393565764235
595,0.009371264038101275
596,0.01316458691567091
597,0.012860895864978674
598,0.013157178548251049
599,0.01325429889113979
600,0.01047867183236604
601,0.013204709780601806
602,0.013166841990842946
603,0.012555576503760883
604,0.012634848753826042
605,0.013268473242807267
606,0.01327646828497615
607,0.013146274553851473
608,0.0002687390310840865
609,0.008019425237483493
610,2.5520022318776844e-10
611,1.0563262903394163e-06
612,0.006240764807748427
613,0.012030281101645484
614,0.004873092295273083
615,0.0016003004509610823
616,0.009502824587842556
617,0.01159871380745362
618,0.010743897060644282
619,0.012742277197569608
620,0.012127994285530004
621,0.013167790509787548
622,0.01319976525633273
623,0.013194298869414223
624,0.013141531571962435
625,0.013225240422994448
626,0.012319673606555816
627,0.01277868633860594
628,0.013230831441681072
629,0.013006215486817442
630,0.0130995640346057
631,0.011905889704635986
632,0.009707300208868109
633,0.002219203310600224
634,0.009723592769186395
635,0.01305558339359978
636,0.006879263579757813
637,0.012303789329938227
638,0.010282143336742607
639,0.013062643019879734
640,0.013137981961846117
641,0.013004608579901171
642,0.012944176447867512
643,0.013274320714152877
644,0.013126394467275806
645,0.013297429484265644
646,0.013218815231981785
647,0.011296282626395173
648,0.013018679055370064
649,0.013276580389357334
650,0.013290265066216021
651,0.013292407560912208
652,0.01270606143396783
653,0.01293660424150534
654,0.013075276201655146
655,0.010198489828552405
656,0.012079993826793525
657,0.013082902076050305
658,0.0003224291436174472
659,0.008815080004734138
660,0.005743023902559703
661,0.012539690503286545
662,0.012805156206725428
663,0.003091532684192671
664,0.009498102178931956
665,0.012681374644959189
666,0.013000841688173422
667,0.01293098942202383
668,0.012398992805087616
669,0.012824533995413365
670,0.013219399732697866
671,0.013221226991386609
672,0.013281546137140198
673,0.01327429634039587
674,0.013031282984049214
675,0.013273589433667658
676,0.01252629176712377
677,0.013016351226887485
678,0.013243768632720487
679,0.013286290892476219
680,0.0014223955895225166
681,0.012797836599307466
682,0.012115092293977864
683,0.008682941455687201
684,0.010238555476227821
685,0.008219335405119665
686,0.0061608517322946105
687,0.004089396185449054
688,0.01152255552650382
689,0.006554673748429499
690,0.010943609613521619
691,0.012575786544173935
692,0.007761531147305961
693,0.013063271399623709
694,0.012953682890705642
695,0.013237505794047836
696,0.012449049989509013
697,0.013297781132623252
698,0.012851492150074442
699,0.012732902868279973
700,0.011235131162457977
701,0.012640626046715049
702,0.013282307449635617
703,0.013285943232308023
704,0.0131388704726749
705,0.007532685570670632
706,0.013241454452424988
707,0.012338755751706874
708,0.00553379670708177
709,0.012158523096915107
710,0.010288295826363526
711,0.011940943820408624
712,0.012195970855413466
713,0.012478201199561898
714,0.01214649121741961
715,0.012428929088454417
716,0.012920657484981337
717,0.01301807510990686
718,0.013297175970858183
719,0.013275870473160267
720,0.012929641171600607
721,0.013268126841921413
722,0.013176247269319633
723,0.013270840887718453
724,0.01225864880262197
725,0.012447881080986274
726,0.013291354197759477
727,0.012360090775474909
728,0.01321030037740004
729,0.013286477029802566
730,0.0023495843020848433
731,0.013219019056749453
732,0.012802563307324473
733,0.013082443027504656
734,0.009222995058712357
735,0.009147262012439821
736,0.007248585178311304
737,0.012910268167503059
738,0.013138054137046365
739,0.013118829514643738
740,0.012964618937750073
741,0.012802825727368794
742,0.013229093093068146
743,0.012858388525412316
744,0.013154058857602529
745,0.013169665445230407
746,0.012816598577645413
747,0.012612300122231685
748,0.012910433555326416
749,0.013279828885775467
750,0.012877728435386026
751,0.01235713428153202
752,0.0097357949477808
753,0.01289073064543733
754,0.0129430915785829
755,0.013180644764302644
756,0.012864037845219526
757,0.008881972729557408
758,0.011615854081506014
759,0.012804819631048544
760,0.013021908291290591
761,0.013124938863766315
762,0.013296175365701173
763,0.013297777960338613
764,0.012325520915145627
765,0.01309977048470564
766,0.013281905796611983
767,0.012939181400194039
768,0.01316968171159217
769,0.013226759460632254
770,0.012739300196746722
771,0.012580949009282525
772,0.013291535212715328
773,0.01085366033597571
774,0.013297646071919376
775,0.012646886605039527
776,0.013296373421938458
777,0.004826041862419712
778,0.0019427829614842883
779,0.007146070356666413
780,0.012179608688345165
781,0.007088330723358227
782,0.01300628374516736
783,0.010652344037187584
784,0.012103668930668037
785,0.013022034892985236
786,0.012812997922773933
787,0.01263659499142772
788,0.013181738799579042
789,0.012943642303272072
790,0.013259638421069081
791,0.013295491585361778
792,0.0115395973209029
793,0.013153164971872142
794,0.01327003003525528
795,0.01276436657712163
796,0.013278314270935053
797,0.012888666075338676
798,0.013214844353246798
799,0.012045196615409117
800,0.006796190079901065
801,0.002601976975127636
802,0.011852689198666234
803,0.01329178559554729
804,0.013204215396823713
805,0.010233002146236979
806,0.011402476600614215
807,0.008590996199091672
808,0.013184485254786205
809,0.01248206690019187
810,0.013177350773143604
811,0.013274415145193215
812,0.012767676126197402
813,0.01329575479806887
814,0.013265496334432244
815,0.01318189560977383
816,0.008865978327891079
817,0.012524828083389533
818,0.013287519741958844
819,0.013288265934270469
820,0.013224758514886418
821,0.013126392045350068
822,0.013285370334988571
823,0.009262090646708108
824,0.012956930747670717
825,0.005645427177951038
826,0.009245611221785887
827,0.00511033352260332
828,0.013118613833630248
829,0.012718756621177623
830,0.012061228983880042
831,0.013296082555108115
832,0.007834006361260694
833,0.01329713145735093
834,0.0132971546657531
835,0.013126514533655459
836,0.013251663840462663
837,0.012936925360015533
838,0.013259750042535452
839,0.013297063137365067
840,0.013239476618758074
841,0.01323016939005804
842,0.01250688638177597
843,0.012746478292188496
844,0.01329313715633117
845,0.012657760998619295
846,0.013278573968970048
847,0.013026865437964394
848,0.008332550016248426
849,0.0041129508471645084
850,0.007296886455038083
851,0.01285376709679703
852,0.012600151886751806
853,0.009748876583022195
854,0.011664571602551172
855,0.012333206800660131
856,0.012516192990429966
857,0.013297398548476232
858,0.01299646022893495
859,0.013134848267424028
860,0.013297207866990434
861,0.0131808727446719
862,0.013257457082369969
863,0.013176330111323008
864,0.013124497062682844
865,0.013285842410110526
866,0.012603320763010217
867,0.012609802837509
868,0.01285777438340546
869,0.013289015686780028
870,0.013076535508110271
871,7.450173006644047e-05
872,0.011801852863369778
873,0.002591436033240128
874,0.011953531729708387
875,0.009222557064110092
876,0.013297223891518323
877,0.003110212258633784
878,0.013194896159676969
879,0.010106399660607106
880,0.013099334263979348
881,0.010879620625860262
882,0.013296193254430388
883,0.013291854126591297
884,0.01329639617523018
885,0.01224049726800325
886,0.013297856999615823
887,0.013254364605030133
888,0.013297868513799228
889,0.013289809301142421
890,0.012666274402766494
891,0.012388805732470302
892,0.01319213959119802
893,0.0124323575653494
894,0.01329743756091486
895,0.013258388173415868
896,0.010397512816926727
897,0.0021594647505412154
898,0.006822802061876879
899,0.013264027228666772
900,0.010644793464176473
901,0.00602660301726868
902,0.010643641627576072
903,0.006395810675693395
904,0.012039577602523601
905,0.00930819729804585
906,0.013143789324680839
907,0.011005742103262306
908,0.012537383876105828
909,0.013042332666168888
910,0.013270801878369628
911,0.013294060058034038
912,0.013178689501766521
913,0.013182779755695975
914,0.012098656978216233
915,0.012863589332577908
916,0.012598358445245327
917,0.013206560315346925
918,0.013279705247035948
919,0.013277479231703035
920,0.011460364782257508
921,0.010939051703714304
922,0.010461959580649697
923,0.005859822796084172
924,0.013236986823762802
925,0.009991312661382708
926,0.013232815113395347
927,0.01288205849989027
928,0.012803450706312693
929,0.013196350317981073
930,0.012778872396868344
931,0.013067043012799236
932,0.01328816031481781
933,0.01298290898819981
934,0.01326921053429757
935,0.013141853576973402
936,0.013253635314719353
937,0.013147660066642992
938,0.013167441574079555
939,0.013084316044034119
940,0.012767985135396837
941,0.01222475932644894
942,0.013298028660091653
943,0.013293376149180117
944,0.013065083673236307
945,0.01268987171556637
946,0.009300011775613157
947,0.012944386079525234
948,0.011857090151637995
949,0.013178957217792739
950,0.013290997393559068
951,0.013261957869378473
952,0.011655053571240116
953,0.007663672298696233
954,0.012110157155692136
955,0.013280199955952776
956,0.012353839009451275
957,0.01327810039225191
958,0.013277130878820185
959,0.013235156771239443
960,0.013014158232623444
961,0.013185586337441147
962,0.013281768364875076
963,0.01319754322310405
964,0.012582358090984937
965,0.013240846042952717
966,0.013296384474948943
967,0.01314873859188596
968,0.013228240774090199
969,0.009759315532540086
970,0.010954148798323047
971,0.01267093322619318
972,0.006954457098402888
973,0.009774068673369602
974,0.01091504615490833
975,0.012341505939830227
976,0.012633083546472709
977,0.011630400791741647
978,0.01320483181533531
979,0.013255626475056839
980,0.013255285736343828
981,0.012536284654593806
982,0.013213305867915574
983,0.01314261590842204
984,0.01297202373870386
985,0.013297063694536806
986,0.011949389441236564
987,0.010865598659875818
988,0.012980956426797946
989,0.010550629767020264
990,0.011948925501050362
991,3.8300849052644566e-05
992,0.012795684737242592
993,0.005899671714356783
994,0.012903959515795822
995,0.013276128818018549
996,0.011741579525846335
997,0.01082380456958267
998,0.013105173215506227
999,0.010695536190704244
1000,0.012784365145657917
1001,0.012431053149684944
1002,0.013104514719610208
1003,0.013275196949198915
1004,0.013293544786654878
1005,0.013216255067523292
1006,0.013112495153748812
1007,0.012874626543868225
1008,0.013296801063700958
1009,0.013278135712428814
1010,0.013177437774696496
1011,0.013295210251320423
1012,0.012279833822763698
1013,0.01284243341764597
1014,0.013246496602624024
1015,0.013201096441329776
1016,0.013251854700405668
1017,0.012935391907709265
1018,0.011786688626059449
1019,0.013291270615534867
1020,0.008480742522041835
1021,0.012931006665628868
1022,0.012552936673410944
1023,0.010652341618249347
1024,0.012422389175666175
1025,0.013004344265399643
1026,0.01326823099022527
1027,0.013294065848690856
1028,0.012701532652367542
1029,0.012516864117105377
1030,0.013181667651359886
1031,0.013225277398999969
1032,0.012864674892828524
1033,0.013298017594198687
1034,0.012957060864543556
1035,0.012977779978162397
1036,0.013075891291800286
1037,0.012434381580806859
1038,0.012866835958293221
1039,0.013090503609699529
1040,0.013088316243083545
1041,0.0055655907807397155
1042,0.012925693172216642
1043,0.010759953668412375
1044,0.012356983488854554
1045,0.009676558950803776
1046,0.013238381470304629
1047,0.011206876997217223
1048,0.012849042640283453
1049,0.003201456322930094
1050,0.013216984292740347
1051,0.013147703380916056
1052,0.012825654534928843
1053,0.013071548052679297
1054,0.012985602371011753
1055,0.011767655546281808
1056,0.013297039827605056
1057,0.007657338492441365
1058,0.011920854210386833
1059,0.012221995047326102
1060,0.009913163578901433
1061,0.013002064746413236
1062,0.013252868419941225
1063,0.012454978804517632
1064,2.4108590679471878e-17
1065,0.012808184826775598
1066,0.006515245508685976
1067,0.0005832755692160046
1068,0.012575015083769148
1069,0.004080115729617228
1070,0.011544186723078742
1071,0.006122334374585531
1072,0.013246954632633702
1073,0.012838145700207948
1074,0.011923899364403199
1075,0.01328433901470372
1076,0.013227857218757206
1077,0.013053879879508961
1078,0.013294877753520498
1079,0.011788085818407686
1080,0.011475113394158267
1081,0.013268537397175177
1082,0.013178675421885267
1083,0.013175287985759659
1084,0.013041542392220811
1085,0.012933056055807123
1086,0.0123648267542239
1087,0.013289593358401415
1088,0.01328872375546312
1089,0.00732565958708573
1090,0.012103058484712584
1091,0.010206879598203907
1092,0.009918848183899749
1093,0.004616265890902304
1094,0.012154544696639145
1095,0.009046472876198716
1096,0.013054128357944174
1097,0.01234647538071208
1098,0.012390319722357383
1099,0.013256975258983538
1100,0.010854463627188884
1101,0.013273004504244335
1102,0.013289090800883585
1103,0.013279418162871669
1104,0.013184817137457443
1105,0.01328598608464336
1106,0.012769184732310469
1107,0.01300205222695871
1108,0.012182186068186935
1109,0.013088895030191023
1110,0.012874643478871517
1111,0.009210017797820198
1112,0.013079969868014461
1113,0.010770493277284481
1114,0.006744156110325689
1115,0.013239193048392515
1116,0.011612612446525316
1117,0.013218691366586799
1118,0.006144563363930209
1119,0.013267077875062042
1120,0.011272998869184422
1121,0.013292491936027061
1122,0.012829233359618252
1123,0.012477205359226412
1124,0.013293885045881861
1125,0.013247662699339614
1126,0.012548528148692712
1127,0.011409012076360213
1128,0.012977884452075795
1129,0.01327456534343076
1130,0.012443773086369002
1131,0.013117547421729759
1132,0.013072920506277997
1133,0.012633003056888133
1134,0.013110416616119806
1135,0.008514870314422805
1136,0.011759442851867358
1137,0.009481165625976245
1138,0.013246392611200617
1139,0.00903243838009456
1140,0.012970274552290332
1141,0.013286566627611582
1142,0.012445437550848471
1143,0.013012461524230775
1144,0.003253868157712361
1145,0.013172627963885975
1146,0.011418515904195979
1147,0.008408126589903092
1148,0.012060225681239588
1149,0.011554325768973025
1150,0.011115949144094707
1151,0.012780593638407124
1152,0.013104426629211704
1153,0.013294496314432167
1154,0.011931298062200286
1155,0.01209757226652092
1156,0.011944146012529317
1157,0.013147346733492235
1158,0.013281259653726682
1159,0.0007687591944014791
1160,0.00036855377402020045
1161,0.006106966831125663
1162,8.552867844405603e-05
1163,0.009679433012786058
1164,0.011460419800667166
1165,0.00910889536682845
1166,0.0013897948277735372
1167,0.012385541892816753
1168,0.010942026663306854
1169,0.009577829469221482
1170,0.011326350037841743
1171,0.011647475951800969
1172,0.013089038157122725
1173,0.013243912989362774
1174,0.012870566620199742
1175,0.013220192173685624
1176,0.01300796674233025
1177,0.012597717499725271
1178,0.012622861077441006
1179,0.011555096907865294
1180,0.012773537543020925
1181,0.013142861394837274
1182,0.01320429892911796
1183,0.01302345204415601
1184,0.01207310502312205
1185,0.01323029922615975
1186,0.007397154301419142
1187,0.013298040843863775
1188,0.010549230290206503
1189,0.010187873650066117
1190,0.010170017615635775
1191,2.7601878429507094e-06
1192,2.0146370190042035e-08
1193,0.004114894674033126
1194,0.010616972182933579
1195,0.013209912906378475
1196,0.013193869521968694
1197,0.011364257214429468
1198,0.011370538726622725
1199,0.013204561705941939
1200,0.013181964749169873
1201,0.01301856363006358
1202,0.013177218688833802
1203,0.012313844705659814
1204,0.013231215629396506
1205,0.009673947990040514
1206,0.012645675477952876
1207,0.011764562168763974
1208,0.01288584341833046
1209,0.0010910226705556426
1210,0.00795074453466818
1211,0.0036636540394885454
1212,0.008475186433139716
1213,0.01116803231398201
1214,0.011815679466313175
1215,0.002148267232647161
1216,0.0085277954829169
1217,0.0018027629526702824
1218,0.004689545641082993
1219,0.013250519853431364
1220,0.009339251909065729
1221,0.009901055553182759
1222,0.006923132047143816
1223,0.01277940929655758
1224,0.0007937067425234051
1225,0.0006097166334391795
1226,0.0014138328490866123
1227,0.0015873418805770782
1228,1.3633571292157215e-05
1229,0.0009679865706071591
1230,0.0014087650041328908
1231,7.81439374048071e-05
1232,7.54020945618733e-05
1233,0.00393997043733421
1234,1.4547818585072353e-07
1235,0.00038494279222128265
1236,0.002764161266294736
1237,2.8279871683446733e-06
1238,0.0118227159132426
1239,0.013292523909452632
1240,0.007954590332190647
1241,0.00883910596327819
1242,0.005497885220565565
1243,0.010614174153605941
1244,0.012763300552816761
1245,0.012255051186587209
1246,0.01321110418121967
1247,0.011221917221524711
1248,0.00759763508654784
1249,0.00905943641315429
1250,0.005577589226592688
1251,0.005646790388605905
1252,0.011004687841564212
1253,0.0064273059208989234
1254,0.0071313573446624
1255,0.004780408911627468
1256,0.0036330572232402924
1257,0.007577054573946181
1258,0.00020231586706136374
1259,0.0013833682711206009
1260,0.011318956999324054
1261,0.005688471043782493
1262,0.004447967278145809
1263,0.004279786544108672
1264,0.012969767263936503
1265,0.00538879651523108
1266,0.010033358013811193
1267,0.01055651209635188
1268,0.010684089988670627
1269,0.011561202690042745
1270,0.012744230458943573
1271,0.011704546923108357
1272,0.012506281543084261
1273,0.010555698882859874
1274,0.009100284424208478
1275,0.008611964681315086
1276,0.013254775953585195
1277,0.00946660843982276
1278,0.00968741973845344
1279,0.005058357545478451
1280,0.0008887107607801044
1281,5.946026434141622e-06
1282,0.005683714054433474
1283,0.007143614489201366
1284,0.002700002660550921
1285,0.0002613104140606288
1286,0.0008730756163083973
1287,0.0005122724390332173
1288,0.0015960755296810661
1289,0.004940077446837284
1290,0.010103632060528712
1291,0.012345448109407476
1292,0.012821362502263574
1293,0.01218640463744449
1294,0.011034526188121311
1295,0.011259320567966608
1296,0.013234339469570675
1297,0.01177849164824379
1298,0.013051410732909057
1299,0.012968255499402141
1300,0.013213130155186235
1301,0.011413046208480675
1302,0.012276109375735384
1303,0.009212974271604685
1304,0.0014159177462943907
1305,0.0005352661411412861
1306,0.0008141171460993031
1307,0.004609129844450005
1308,0.008528039492470935
1309,0.0048139948621262005
1310,0.00026998704426637167
1311,0.004129569088795742
1312,0.006109741323956978
1313,0.0076153983089937895
1314,0.009943806334635446
1315,0.011760841376062349
1316,0.013060593702809587
1317,0.013244106472499078
1318,0.013216259385783505
1319,0.012581070709059066
1320,0.013281632609020688
1321,0.01329779107047541
1322,0.012678535741410842
1323,0.013293352489642666
1324,0.011534008444127447
1325,0.012941372040403265
1326,0.013246714300437149
1327,0.01258063849726262
1328,0.011798114821379194
1329,0.013035081841930276
1330,0.011748357485137747
1331,0.008255317649815215
1332,0.011418231631868366
1333,0.013002866201209877
1334,0.011049100142542586
1335,0.007420268441382042
1336,0.012547102334741884
1337,0.009606989010839291
1338,0.013047686629534328
1339,0.013088924872594483
1340,0.013219657396380728
1341,0.013062804409036352
1342,0.01280330280711723
1343,0.013298014249456933
1344,0.011949688100042799
1345,0.013004101154892289
1346,0.012377058382896702
1347,0.010807606480769739
1348,0.00991711526200136
1349,0.011032183605118547
1350,0.013179802805592233
1351,0.011311230892521902
1352,0.0007508455810098862
1353,0.008260549580625873
1354,0.0008620109962792773
1355,0.007628263122608826
1356,0.004939404924061586
1357,0.007251551174223484
1358,0.003506782725960261
1359,0.011771350850688513
1360,0.013297242135343447
1361,0.009653376474066555
1362,0.013005822004253313
1363,0.01267350448672113
1364,0.013281826948006555
1365,0.013096801737125305
1366,0.013153239670597323
1367,0.013078243878017343
1368,0.013149680168334574
1369,0.013167803962620763
1370,0.012129822207750706
1371,0.011678991635738652
1372,0.011536395358676354
1373,0.011149853081331011
1374,0.012873420537981298
1375,0.01155961035293109
1376,0.003921277478455758
1377,0.004281700119542784
1378,0.004004853521371043
1379,0.005781263867102728
1380,0.0029173402002844757
1381,0.010962350557780458
1382,0.010677004600984422
1383,0.008200676738503306
1384,0.013028535143749279
1385,0.012505975753716238
1386,0.013029001633151804
1387,0.012293335382261301
1388,0.013238665870267785
1389,0.013284521983975707
1390,0.013288304361729418
1391,0.013282759925300808
1392,0.012093850272456306
1393,0.013024782342445314
1394,0.013100687993956013
1395,0.01251090503977301
1396,0.012981916300436953
1397,0.011188227908955186
1398,0.013274333768928646
1399,0.0027089644218619485
1400,2.2932293164753375e-05
1401,0.007827951295932428
1402,0.0018352780882241932
1403,0.012076550621886804
1404,0.003016515143072454
1405,0.009486856702512496
1406,0.0052361780567060845
1407,0.004740801593154441
1408,0.007553800621225845
1409,0.013009979085330652
1410,0.00936745067660282
1411,0.01299853430678857
1412,0.011697698624378439
1413,0.013280924489649903
1414,0.013071375395723232
1415,0.012597841637960018
1416,0.013017036115501045
1417,0.013292848372662652
1418,0.013292975285446838
1419,0.013225146164267176
1420,0.01306052823710966
1421,0.01309360541699285
1422,0.012898578202184374
1423,0.013255323099491682
1424,5.2253241163214546e-08
1425,0.004715505540420209
1426,0.004032872180885436
1427,0.011482519837096698
1428,0.00546276668444814
1429,0.006616902614088455
1430,0.0051198986360451205
1431,0.0009279408603042364
1432,0.009707241121383122
1433,0.01132989930476276
1434,0.01252346584944595
1435,0.012981739882176813
1436,0.013240925775302148
1437,0.013295523974351318
1438,0.013290819237186583
1439,0.012750741440033825
1440,0.013200352500492814
1441,0.013297812008968141
1442,0.013113977818647713
1443,0.013225037345883772
1444,0.012973481216225989
1445,0.013189354535631042
1446,0.01322865926626736
1447,0.012907465020073566
1448,0.006219200628743861
1449,0.012320601451995903
1450,0.0007284824096077848
1451,0.012981035138831455
1452,0.0032607899715661154
1453,0.011865638297709917
1454,0.010941914616137456
1455,0.009076624172101313
1456,0.00967002072353327
1457,0.012864702107459528
1458,0.013180470569898645
1459,0.012788685182350464
1460,0.012035893167597156
1461,0.012989858236098946
1462,0.013037371219915187
1463,0.013287969580192826
1464,0.013289971307787292
1465,0.01262369791232331
1466,0.013183539558162803
1467,0.012543457134521215
1468,0.012250258241153927
1469,0.01270483408263973
1470,0.013203534058258406
1471,0.012585967456311235
1472,0.005093368452650459
1473,0.005983990974629384
1474,0.012637215114530646
1475,0.010763887986818784
1476,0.013159898779461594
1477,0.012986917453970818
1478,0.012622810524201857
1479,0.007772052401907144
1480,0.010742694950379111
1481,0.012079520561312026
1482,0.013265242106716911
1483,0.01266019214285344
1484,0.013209568770504092
1485,0.01329306515884763
1486,0.013269465203988582
1487,0.012982926304247884
1488,0.01238285937588505
1489,0.013257199589107486
1490,0.013231529214717685
1491,0.013283413738042378
1492,0.013279436343454635
1493,0.013296971666597514
1494,0.013278454459931137
1495,0.01300380095449704
1496,0.005802214012533255
1497,0.012630715723719235
1498,0.013187463500816591
1499,0.008428625274015026
1500,0.004989382263252478
1501,0.005233081205161145
1502,0.007853916202856099
1503,0.01033216832749579
1504,0.013110047648839225
1505,0.012508695929968868
1506,0.012307726717317674
1507,0.013099681332813922
1508,0.012861109768110038
1509,0.012988825478126572
1510,0.013260625846998329
1511,0.013264645077258084
1512,0.012805791464736626
1513,0.013148417460957303
1514,0.013246528252877693
1515,0.012952453551819182
1516,0.01327759647217348
1517,0.013223796903049773
1518,0.012964107081214161
1519,0.013051340342570796
1520,0.0003213383383259138
1521,0.011746089045187756
1522,0.004191559356629325
1523,0.012516660039950306
1524,0.005779238984479145
1525,0.009970679234237912
1526,0.005333064563742607
1527,0.013136707000093032
1528,0.012568738566630789
1529,0.01329687794876894
1530,0.01329800396197706
1531,0.013074376366208555
1532,0.012512853170017036
1533,0.012974122805584059
1534,0.013260896348038244
1535,0.0132765856594092
1536,0.013288345025500936
1537,0.01323865068406324
1538,0.01324412800786966
1539,0.012749175076665955
1540,0.012506883142656208
1541,0.012534769172100477
1542,0.01327944467929736
1543,0.012459951248880918
1544,0.009515422531177061
1545,0.013228399527461505
1546,0.010202644984247784
1547,0.012105707029265974
1548,0.0100256274244391
1549,0.009588956087190665
1550,0.012985116009001648
1551,0.012990152539456347
1552,0.013273057040291292
1553,0.012486314282807083
1554,0.012439072682146933
1555,0.013297887579103869
1556,0.012939567156750164
1557,0.013162318897327718
1558,0.013179480402987444
1559,0.01315964040305432
1560,0.013282865313017053
1561,0.013107719947617865
1562,0.013297187697646321
1563,0.013236905325691063
1564,0.013262246095183516
1565,0.013228210625553932
1566,0.013238934257183145
1567,0.013272401848071064
1568,0.011043651319444339
1569,0.012739237158370182
1570,0.01225050123270302
1571,0.01021476154059699
1572,0.012841479842039741
1573,0.012308333825118142
1574,0.011913215700992965
1575,0.0070823712077000365
1576,0.012584292174709057
1577,0.012424434789637473
1578,0.013236544147265678
1579,0.01329631638292161
1580,0.012407061218216603
1581,0.012759620632667354
1582,0.013298072950637507
1583,0.01268701954258601
1584,0.01327693072362867
1585,0.013266874087477964
1586,0.013195971467278527
1587,0.01303266357037067
1588,0.013028607157796853
1589,0.013282106271248883
1590,0.013292959863442864
1591,0.013270363938577223
1592,0.007744187472840467
1593,0.013259947797048626
1594,0.0056188650917280755
1595,0.013282660426208117
1596,0.005536857886220673
1597,0.012376296930840809
1598,0.012467792222478898
1599,0.008250548360050142
1600,0.00795415483173566
1601,0.0071218773616020395
1602,0.006963867716160923
1603,0.00949959586892397
1604,0.010534013623543535
1605,0.008397612454228138
1606,0.011174184661574434
1607,0.01229924504938436
1608,0.01245421805654485
1609,0.012850204645952512
1610,0.01326451255496563
1611,0.013298067727450076
1612,0.01329226632169129
1613,0.013132315767271441
1614,0.013261668626840825
1615,0.013287848767974281
1616,0.013169465758402058
1617,0.012281976317737562
1618,0.011462650137285514
1619,0.010664935255857926
1620,0.013204504975079755
1621,0.007988620461032608
1622,0.013227642795884585
1623,0.012392789463670638
1624,0.013196471712804452
1625,0.011579635639726053
1626,0.012955922386813472
1627,0.013232553968539786
1628,0.013087963909587575
1629,0.012819459760888718
1630,0.013219849143823799
1631,0.012966001825356618
1632,0.013264661908545956
1633,0.012748174745258602
1634,0.012935322961249334
1635,0.013273346580378776
1636,0.013114761910654953
1637,0.013124064000415152
1638,0.011120208778376014
1639,2.2203946978808203e-06
1640,0.01165981984909021
1641,0.004724838249791368
1642,0.011931639404338407
1643,0.009861786255362376
1644,0.00910793271977161
1645,0.01125800450667122
1646,0.010675147916854996
1647,0.012485910024783279
1648,0.012139269687393869
1649,0.013167904221848842
1650,0.01260790810459177
1651,0.013015360393431536
1652,0.013289642947587556
1653,0.013297908105556354
1654,0.0132553201250052
1655,0.012211790671868433
1656,0.012279189864984028
1657,0.013186147059861044
1658,0.013296383458976994
1659,0.013276153486872827
1660,0.013098233343526746
1661,0.012676407573180188
1662,0.013096986167390374
1663,0.012500890326100684
1664,0.01167613348840163
1665,0.002480367369576168
1666,0.003500468172983673
1667,0.00011526984353143281
1668,0.00586402316107398
1669,0.013027609888363042
1670,0.011395854155497069
1671,0.01214216290132944
1672,0.011640183454852234
1673,0.013298070754638748
1674,0.013297091823985715
1675,0.013297523764653327
1676,0.013248492513900579
1677,0.013222614249653207
1678,0.013295021710289356
1679,0.012878238233792349
1680,0.013260158246699742
1681,0.012781034487854424
1682,0.013093349595063536
1683,0.01326948724253196
1684,0.01322471538290643
1685,0.013203344260341946
1686,0.013138514435476914
1687,0.01227767890171595
1688,0.012917593931995198
1689,0.0062686975910329935
1690,0.004853196338019557
1691,0.013283890164244978
1692,0.008298050202839208
1693,0.007242309974264906
1694,0.01245502986935964
1695,0.012290062313253055
1696,0.01274074910783163
1697,0.012817087530856894
1698,0.013164638904376422
1699,0.013248352312224352
1700,0.013181839636483561
1701,0.01326258276725258
1702,0.013156886722178336
1703,0.013296887633282104
1704,0.013158982580265079
1705,0.013024981413925635
1706,0.013092266411528226
1707,0.012775384857701359
1708,0.012993120436919709
1709,0.01318573494759574
1710,0.013297307225683418
1711,0.013149658267065918
1712,0.012239540086130292
1713,0.006163494669556749
1714,0.004927848790080711
1715,0.011675829742479714
1716,0.009693434819730774
1717,0.01078890825099024
1718,0.00832743317901879
1719,0.013282198724802803
1720,0.012639835073831825
1721,0.013049727479565483
1722,0.012397770566128435
1723,0.012853698273990853
1724,0.013080701282724313
1725,0.013118920998042103
1726,0.013253776176704358
1727,0.013116490394474193
1728,0.012957274089916043
1729,0.013269238748218204
1730,0.013246538921159335
1731,0.013190318166880408
1732,0.013291241641165524
1733,0.0132977934853675
1734,0.013278546974772572
1735,0.012547991630305984
1736,0.012520589440475958
1737,0.013017206413837266
1738,0.013100698641442001
1739,0.013018912220575812
1740,0.01261810322653452
1741,0.013172758875840665
1742,0.012636926659091014
1743,0.012670021539576155
1744,0.012497677591984764
1745,0.012960435315516985
1746,0.01300013746244405
1747,0.013031764780940385
1748,0.013025244579170668
1749,0.013033684340194788
1750,0.013285814628569264
1751,0.013215194486100486
1752,0.013168338036207379
1753,0.013297924498109378
1754,0.013176304681429002
1755,0.013254580209184996
1756,0.0132460521640232
1757,0.013294762014026074
1758,0.013295670203324715
1759,0.01329753334173075
1760,0.011925820361881832
1761,0.010146423068570732
1762,0.01068250029906655
1763,0.012124865597467982
1764,0.011933686646858689
1765,0.011304505224792094
1766,0.011352409339888408
1767,0.010896731153461129
1768,0.011545825923246985
1769,0.012836870182347738
1770,0.012326951437146563
1771,0.013269331966190423
1772,0.013263318902273108
1773,0.012432802633610051
1774,0.013010479852952034
1775,0.013146706838695822
1776,0.013162174542080334
1777,0.013287443888168361
1778,0.01273969837439496
1779,0.012804627452471693
1780,0.013193724402176615
1781,0.013126384041029782
1782,0.013147353711408427
1783,0.013131569435858519
1784,0.013290784311467622
1785,0.012351731154167005
1786,0.01233841261903871
1787,0.011766308859455956
1788,0.01061344929959468
1789,0.013297871048677325
1790,0.012782337575081428
1791,0.012392439458004905
1792,0.012097914393517217
1793,0.012950417976929775
1794,0.013276270979722811
1795,0.01267077637215518
1796,0.012823132065544826
1797,0.013249388425069793
1798,0.013181608142236585
1799,0.013190008722097775
1800,0.013293285926247716
1801,0.013288188363552843
1802,0.013164164058348192
1803,0.013119958727373293
1804,0.013008259785088074
1805,0.012913777892096075
1806,0.01328747219535386
1807,0.012735107422674717
1808,0.011516777501818462
1809,0.0025194515376473995
1810,0.006249632953938004
1811,0.013093189827762025
1812,0.010914659531374486
1813,0.013225177131326031
1814,0.00838878495680528
1815,0.01028803854058673
1816,0.0103300804033628
1817,0.012254786526471806
1818,0.012774318125316089
1819,0.013106809795903316
1820,0.01285494296279604
1821,0.013167986262423622
1822,0.013293084275690885
1823,0.012870271026185855
1824,0.013273527064998984
1825,0.013218040970997342
1826,0.013088118046116752
1827,0.01322562059009381
1828,0.01315617878556713
1829,0.01310164183587373
1830,0.013241534793408314
1831,0.013100257326643014
1832,0.013000548916858803
1833,0.01316996214837223
1834,0.010127797402899236
1835,0.012817254725032352
1836,0.011596095920571592
1837,0.01022066513497611
1838,0.009210936687920373
1839,0.013288852533081312
1840,0.01322564422844636
1841,0.01304336760002245
1842,0.013296299976163852
1843,0.013294265353338374
1844,0.013293091618722032
1845,0.013297456219078478
1846,0.013018250260083063
1847,0.012992218648923377
1848,0.012199043228958597
1849,0.013293935312840639
1850,0.01309193235327792
1851,0.013289966795194562
1852,0.01327747565975494
1853,0.013230961414442199
1854,0.01326135921523958
1855,0.011337912132203488
1856,0.008254839673630448
1857,0.00248895862590241
1858,0.004719489486093658
1859,0.009604292734357948
1860,0.00802725905751597
1861,0.008543970987401794
1862,0.009100085796612636
1863,0.01324161458981145
1864,0.013208610212345762
1865,0.013245785196215977
1866,0.01289177286780114
1867,0.013176346818111775
1868,0.013059302260310962
1869,0.013273735076675978
1870,0.013277144566468224
1871,0.013209037705245525
1872,0.013137506283751394
1873,0.013274258609647307
1874,0.013239470005368037
1875,0.013186293183305069
1876,0.013249214721237681
1877,0.013298018803856532
1878,0.013220312609581506
1879,0.012791668561199898
1880,0.009717898387733227
1881,0.01283569204524144
1882,0.013294016818535445
1883,0.009990399917341852
1884,0.012067512791476883
1885,0.011669015863104735
1886,0.010665079507456147
1887,0.013281336264075535
1888,0.011729035121413862
1889,0.013260609217752382
1890,0.012863163607582795
1891,0.013291349195714704
1892,0.013016760177957058
1893,0.013264628607646241
1894,0.013294012025721185
1895,0.013281974818085322
1896,0.013295994385302129
1897,0.013297877486775333
1898,0.013297941777415915
1899,0.013221605183717799
1900,0.013270897228946088
1901,0.01316980696192984
1902,0.013242118891077908
1903,0.01315801812437547
1904,0.013101230215593236
1905,0.012811349114136006
1906,0.0077746471088937785
1907,0.00412920452115209
1908,0.013012023484695377
1909,0.009347239424378833
1910,0.009832461219166647
1911,0.012194542988257017
1912,0.013288684956314559
1913,0.013201952462119965
1914,0.013010063590942455
1915,0.013270719413803984
1916,0.013089879692048148
1917,0.01320734834096356
1918,0.012848400981929159
1919,0.013120254618596727
1920,0.012527272610178643
1921,0.011637283826689491
1922,0.013292873465255583
1923,0.013177284087067065
1924,0.012546587358212668
1925,0.012507889328785615
1926,0.012285103231765576
1927,0.01140556797355497
1928,0.013282873776231366
1929,0.010928258117280888
1930,0.004888554440959393
1931,0.008729983457027675
1932,0.001133318726829789
1933,0.007266447898286591
1934,0.012181225331688085
1935,0.012639205673913958
1936,0.00851274471995005
1937,0.0031008707398840494
1938,0.0068208480730152805
1939,0.0085280198197496
1940,0.011383126550677037
1941,0.011149980688705263
1942,0.010410066507560595
1943,0.011643199541764626
1944,0.01329798685208302
1945,0.013273900275160283
1946,0.01322149056104237
1947,0.01326211249647874
1948,0.012955874951290903
1949,0.013102186304535243
1950,0.012995929779511115
1951,0.012892474891177752
1952,0.013267853475511923
1953,0.007732864965809832
1954,0.006307725887456877
1955,0.011529534598873866
1956,0.0035147855048437127
1957,0.013158261501258744
1958,0.011633233150169404
1959,0.01327135398140154
1960,0.013283932885461067
1961,0.012404542331943531
1962,0.013081243556739725
1963,0.013238422983694214
1964,0.013266827682241954
1965,0.013296740269781428
1966,0.013288013465905848
1967,0.013283860179630529
1968,0.012768632373555045
1969,0.012563813694713658
1970,0.013219972161619797
1971,0.012985899438825924
1972,0.012967581316451399
1973,0.013188856499085608
1974,0.013143902621980607
1975,0.0005282330240289916
1976,1.1488259886813496e-21
1977,4.2469998493081407e-13
1978,8.586534527417964e-12
1979,8.348385212795314e-06
1980,1.6175869126179242e-07
1981,0.0007886961236785265
1982,0.006501363412503731
1983,0.00894364578114002
1984,0.01245784169851859
1985,0.011943151965766377
1986,0.012321310592263815
1987,0.012836784055469673
1988,0.01329795300188798
1989,0.013265842454503508
1990,0.013165422592346324
1991,0.012667112472696713
1992,0.012392910955845946
1993,0.011660156799819797
1994,0.012911660593333662
1995,0.013297401597523682
1996,0.013289640163425927
1997,0.013287984435410915
1998,0.013286519703009394
1999,0.013284894195220704
2000,0.00033695635330901417
2001,0.0001310135294443529
2002,0.00043640959387027247
2003,0.0005001434195575297
2004,0.010782490369622144
2005,0.008179935073976213
2006,0.010007202105697064
2007,0.005283537760972154
2008,0.010286898958795192
2009,0.013244639025639564
2010,0.007962970008053452
2011,0.013248807230616954
2012,0.012921336423538564
2013,0.01303474289815461
2014,0.013133269634706983
2015,0.012999293563512725
2016,0.013297345714802254
2017,0.012712903125391714
2018,0.013148271769095492
2019,0.013294323236241384
2020,0.013293893552285831
2021,0.013296695127892425
2022,0.013159731467476406
2023,0.010577736369010075
2024,0.007450690023216457
2025,0.01131417816048298
2026,0.011577742661980191
2027,0.00025159866639989144
2028,0.012637801507411905
2029,0.012946806293951158
2030,0.012425358743011027
2031,0.010410307705871343
2032,0.01297133544976407
2033,0.011630677120389364
2034,0.012841301517509972
2035,0.012929875684431665
2036,0.012442074470482496
2037,0.01282784877197663
2038,0.012453078082782898
2039,0.01291064047684692
2040,0.013020587881358191
2041,0.010913516462889435
2042,0.012004198896614018
2043,0.013090095859148866
2044,0.013188985427901204
2045,0.013095404151733828
2046,0.013049081530481793
2047,0.009652747358950704
2048,7.785670672583737e-06
2049,0.008364360779149453
2050,0.0008932930295486895
2051,0.00806129041778284
2052,0.001182012600640312
2053,0.002826908846908285
2054,0.012772599366570318
2055,0.011620454147415731
2056,0.004002576588206619
2057,0.01328789549612045
2058,0.011544710748471234
2059,0.011887811133194315
2060,0.011780810933410733
2061,0.013096744002908034
2062,0.01293098931995461
2063,0.013103319444227742
2064,0.012714557096148845
2065,0.013285733093928083
2066,0.012978548734975996
2067,0.012665796561954058
2068,0.01216351090177832
2069,0.011573749463865655
2070,0.01278688564429201
2071,0.013260477310946648
2072,1.0270493915164268e-08
2073,0.01305000007141739
2074,0.0009457226064221834
2075,0.0006470707065007122
2076,0.005359492283621864
2077,0.004199397887715511
2078,0.012280736347287368
2079,0.010912727453815675
2080,0.013020056252186824
2081,0.012386821390984955
2082,0.013275332328584065
2083,0.012579456201548714
2084,0.01267608356381911
2085,0.013127926190864014
2086,0.013295009975319357
2087,0.01324695267402224
2088,0.013289877380536424
2089,0.013008270018571117
2090,0.013298058897443763
2091,0.013210416660299403
2092,0.013213327114547832
2093,0.013165027973245803
2094,0.012934548686647436
2095,0.012725579935443562
2096,0.005284875053293992
2097,0.011671190551738136
2098,0.013062182750132488
2099,0.01198377914848019
2100,0.012993501477874541
2101,0.007296223213876848
2102,0.009175805792308218
2103,0.010432129593267269
2104,0.01190994801844552
2105,0.011977000936595063
2106,0.013098535422510943
2107,0.012833082584075587
2108,0.013086962357892949
2109,0.013119242093837002
2110,0.013164852023439819
2111,0.013297968574411382
2112,0.012756097487744223
2113,0.013017853299141723
2114,0.012981272019063692
2115,0.013259001582399767
2116,0.01327302061706717
2117,0.01322102063905364
2118,0.013214221759564946
2119,0.013034681629055392
2120,0.009813342027849201
2121,0.008707242895208071
2122,0.011945963153119634
2123,0.012353839649765146
2124,0.013160722945919566
2125,0.013010402748056807
2126,0.012110073804442798
2127,0.0077187827277279
2128,0.009784585536922316
2129,0.013292636923044545
2130,0.013170071253523827
2131,0.013264898223691968
2132,0.012862911989992527
2133,0.013265898283459096
2134,0.013272725118452377
2135,0.013294973529652815
2136,0.013118972373621078
2137,0.013099974925464379
2138,0.013237211758799638
2139,0.013224783024592922
2140,0.013233812169851672
2141,0.013080145047399195
2142,0.013295459945715175
2143,0.012526814165012683
2144,0.012013634520376331
2145,0.006893862769758603
2146,0.006586165170523188
2147,0.013280315270112754
2148,0.004851278662942192
2149,0.012040003662226595
2150,0.013296719599043634
2151,0.011551707604498137
2152,0.01311172184946013
2153,0.013285700692479639
2154,0.01321328485092056
2155,0.013116384858299718
2156,0.012798181007523102
2157,0.013278053355174683
2158,0.01329772541309845
2159,0.01327507155596337
2160,0.01304252219456226
2161,0.008632354197510659
2162,0.011881264977098675
2163,0.012309545544697995
2164,0.012968420293746733
2165,0.013106767403381831
2166,0.012495927920752124
2167,0.0033229993185994147
2168,0.011026989550450414
2169,0.011980843401509718
2170,6.459229808699789e-06
2171,0.005970270217952014
2172,0.00878166512544038
2173,0.005011032589879736
2174,0.009423866615922897
2175,0.011414718349096428
2176,0.01321193677781707
2177,0.013169166379830547
2178,0.011364066538029018
2179,0.010844249243498274
2180,0.012527888696877919
2181,0.012302068440614383
2182,0.012839048034537361
2183,0.01318575946778421
2184,0.012695869909377136
2185,0.011529350523559833
2186,0.012679185311754443
2187,0.013196326688838403
2188,0.013114671641076365
2189,0.012783167053584312
2190,0.013062233060612832
2191,0.0008245508933807524
2192,0.013297548638859574
2193,0.0050897547868837935
2194,0.008916271201574623
2195,0.013202435364354895
2196,0.009001300487565459
2197,0.012271209775005941
2198,0.005995766298459644
2199,0.013084230588472984
2200,0.01328370879746128
2201,0.012338048931024841
2202,0.012923791911008283
2203,0.011879494331796346
2204,0.013175110037106752
2205,0.013237837219024018
2206,0.013270732231206799
2207,0.01313390572649184
2208,0.013085545381089421
2209,0.01297756529386893
2210,0.013154371283307134
2211,0.012182554755599206
2212,0.011415650467114812
2213,0.011917975536415413
2214,0.012516674836618799
2215,0.013051195340804757
2216,0.005169259156233685
2217,0.011932458571214036
2218,0.0043638118332997725
2219,0.012048067125661026
2220,0.013232500867284417
2221,0.010189371893043473
2222,0.011116893567292131
2223,0.009188476215655408
2224,0.011890969343527773
2225,0.012018611686123446
2226,0.01303531658723627
2227,0.013117731509799481
2228,0.013240686622285827
2229,0.013231987468106141
2230,0.013127291978853078
2231,0.013208099146890221
2232,0.012472245611473896
2233,0.012744812933398892
2234,0.013048426096801506
2235,0.01329665403121603
2236,0.013097408344545348
2237,0.013127797522987903
2238,0.013210994812037568
2239,0.012584137228224664
2240,0.008501625900546329
2241,0.0034698396247467584
2242,0.007769314358941344
2243,0.010857222937455677
2244,0.011095673463681085
2245,0.013108202568261928
2246,0.010254625643328899
2247,0.007961739465889415
2248,0.011404561150275492
2249,0.01242367536709712
2250,0.010601642732436693
2251,0.011529719010171666
2252,0.012979345484457649
2253,0.012484283689909606
2254,0.01325865585117465
2255,0.01284164183366151
2256,0.013162082411686557
2257,0.013280267008723572
2258,0.013289144062703625
2259,0.013246471666896787
2260,0.012875138852585963
2261,0.012945484410807688
2262,0.013076334283999801
2263,0.011652111168188291
2264,1.6594339509334036e-14
2265,1.8525738804425025e-08
2266,4.562233011865671e-13
2267,9.503330064552833e-06
2268,4.972680201215034e-08
2269,0.00029932571815382506
2270,0.0003834328299219168
2271,0.004212490568084956
2272,0.005122081682561698
2273,0.011241542410560166
2274,0.00987638323398365
2275,0.012459215202999287
2276,0.01254522305807352
2277,0.012431823970207876
2278,0.013165369455631997
2279,0.013291904807269404
2280,0.01169426305258785
2281,0.013244039767716096
2282,0.01327639892503823
2283,0.01328135684411969
2284,0.013282200018868878
2285,0.013230121800856042
2286,0.013294242754046753
2287,0.012574449651465468
2288,0.0002967446596586751
2289,0.0018092621819385175
2290,0.0013968347113098027
2291,0.005550844480787653
2292,0.009174939503270281
2293,0.011323293979268127
2294,0.005898514977659508
2295,0.006899085161206716
2296,0.01185115668634392
2297,0.013219026747048591
2298,0.013199567266461492
2299,0.013296002191951773
2300,0.01284278027743645
2301,0.013294532785435532
2302,0.013283346924106987
2303,0.01275909965877091
2304,0.013285507781933626
2305,0.01313168830295512
2306,0.01328279393242331
2307,0.013285207602953214
2308,0.01329807330478198
2309,0.013175086921020882
2310,0.013238040242876949
2311,0.00919367758522689
2312,1.2659348896518415e-11
2313,0.0067725602392871365
2314,6.609002113437582e-05
2315,0.011763518615920324
2316,0.00048046274712661705
2317,0.012472684583453937
2318,0.012994004731149764
2319,0.012368957037480834
2320,0.013275977396634156
2321,0.013284494566387596
2322,0.013031329653353334
2323,0.012322274347800258
2324,0.01329626718450771
2325,0.01316568452110097
2326,0.01199407481221707
2327,0.012635369229072161
2328,0.01325216284022389
2329,0.013257751004107548
2330,0.012911814990177984
2331,0.013283283886833464
2332,0.01327422622309135
2333,0.012884956665059852
2334,0.013256044861273054
2335,0.013210735461151455
2336,0.007597681420903034
2337,0.013297990442698755
2338,0.008696547606858403
2339,0.009790563505279098
2340,0.012595349515988057
2341,0.012336958786009274
2342,0.006809953891072853
2343,0.0129716750149298
2344,0.013219628719308594
2345,0.01279343531808711
2346,0.011717316100454423
2347,0.013247409533038284
2348,0.012459083531628747
2349,0.013028684468102807
2350,0.012341429250946074
2351,0.012646310988038072
2352,0.013265835336249577
2353,0.013119189139260202
2354,0.013123378097444854
2355,0.013211530066743664
2356,0.013295956630822113
2357,0.013094609307154781
2358,0.013297955383815143
2359,0.013256347894747335
2360,0.00962322436029635
2361,0.008518843153061067
2362,0.0048621088637557834
2363,0.01301267035204238
2364,0.011923355795498896
2365,0.013211238783859372
2366,0.010245870379179733
2367,0.011399543252875299
2368,0.011435541669547003
2369,0.013294431998306065
2370,0.012762425082855246
2371,0.013293522506129023
2372,0.013269711429031645
2373,0.013031636973336815
2374,0.01305314613179664
2375,0.012859554382321555
2376,0.01285848391953683
2377,0.01316737707325259
2378,0.013117498176881164
2379,0.012808304428583626
2380,0.012642395768945273
2381,0.01276011426203454
2382,0.013281902842114453
2383,0.012202688064517629
2384,0.009943528576740922
2385,0.012383768198949525
2386,0.012326229894945253
2387,0.009119608320958277
2388,0.011847502465644652
2389,0.011238548780566678
2390,0.010555793231059775
2391,0.013053344347585769
2392,0.013165869860124217
2393,0.010345618122851776
2394,0.013134646237530651
2395,0.013268952021902737
2396,0.012255257357864589
2397,0.013139340638947915
2398,0.012996174133043884
2399,0.012993917083067867
2400,0.013275776480188151
2401,0.013072061399094718
2402,0.012837529640734115
2403,0.013019196235748693
2404,0.012644585760681415
2405,0.012781876058329967
2406,0.01300733571755089
2407,0.01287767586465288
2408,0.012073904945257445
2409,0.01282765887779264
2410,0.006366687540755224
2411,0.013063058346987481
2412,0.007806810655156074
2413,0.011255889623745274
2414,0.012750165635557097
2415,0.009371173862631107
2416,0.01311813465575595
2417,0.012803183236930884
2418,0.01226525285949646
2419,0.01322379594915222
2420,0.012917855036696622
2421,0.01326241072641347
2422,0.013209417982271914
2423,0.013298075113813161
2424,0.013276786701864813
2425,0.01292784371705779
2426,0.013057946099854906
2427,0.012815757822926464
2428,0.013241017483700657
2429,0.013141157276859805
2430,0.013253287920097128
2431,0.013168343057410808
2432,0.007623129478108826
2433,0.013073732732457748
2434,0.0028919869784097014
2435,0.011090348686582497
2436,0.013245633566429667
2437,0.013130441756464484
2438,0.008065631156013988
2439,0.013011877494703996
2440,0.012200340773758669
2441,0.012813221486445713
2442,0.013138226540756187
2443,0.012342818739696327
2444,0.013250121953566008
2445,0.012920394339897008
2446,0.013261908698631992
2447,0.013107242258672524
2448,0.013296162135397487
2449,0.013297943354013454
2450,0.013274304282735884
2451,0.01326401126896805
2452,0.0131998749590057
2453,0.013232246059807181
2454,0.01257568322975998
2455,0.01321526140430854
2456,0.00717478110377955
2457,0.006920341201101099
2458,0.009385935187283314
2459,0.012755924760848834
2460,0.01095464849309691
2461,0.012004352666763581
2462,0.0061676658462767155
2463,0.01048567895581476
2464,0.01301645852343089
2465,0.012670188009918525
2466,0.011052585986117665
2467,0.013271093599929657
2468,0.012803774265393643
2469,0.01216922271244974
2470,0.013214187961290784
2471,0.013262906109292738
2472,0.012658557692031735
2473,0.013080440483712917
2474,0.013272067143130046
2475,0.013084110182143643
2476,0.013023534009439201
2477,0.01329651219900296
2478,0.013080363158446033
2479,0.006655176365469055
2480,0.0056826631040322205
2481,0.01030337993784788
2482,0.0023143100359821213
2483,0.008387858567845541
2484,0.010560398629620245
2485,0.010996607041733516
2486,0.012076539940491118
2487,0.012729938703554482
2488,0.01316840653127812
2489,0.013250256649670878
2490,0.013225695386300137
2491,0.013295793818606147
2492,0.012848003078178264
2493,0.01323066695419865
2494,0.013296429488915733
2495,0.013218810139107601
2496,0.013141864395445593
2497,0.012981947216860069
2498,0.013218897989316213
2499,0.013296531071351057
2500,0.013205445212200484
2501,0.012900894907633626
2502,0.01301714905493983
2503,0.013109995460388707
2504,0.0007925642866054834
2505,0.009285204703951697
2506,0.007997168041800815
2507,0.011278862957918018
2508,0.011601100689103444
2509,0.013295622767106321
2510,0.010991972898492861
2511,0.007517540254014484
2512,0.012114351444924728
2513,0.013285381411575788
2514,0.01275014712786587
2515,0.013020568461412857
2516,0.012516191250379394
2517,0.01306490898753425
2518,0.013101610344441688
2519,0.013278027325243398
2520,0.013297946688244423
2521,0.013270840578997644
2522,0.013296222728076233
2523,0.013151178928222533
2524,0.012773660990973679
2525,0.0128117566097486
2526,0.013109096106600346
2527,0.012466312939268467
2528,3.4005429486704194e-05
2529,1.450937143528337e-06
2530,3.900144506820041e-07
2531,0.0012267239985766828
2532,9.596334280123545e-05
2533,0.002763956724118833
2534,0.005119184413778422
2535,0.007812987744163972
2536,0.01239772775920658
2537,0.012650114019668783
2538,0.011020213045249564
2539,0.012826517723106673
2540,0.012997617947956647
2541,0.012964534588406313
2542,0.013278434886464886
2543,0.013223034037434437
2544,0.013281442508351197
2545,0.01274272460521652
2546,0.01286068382582017
2547,0.01328487304521458
2548,0.013284156530868287
2549,0.013137036532348073
2550,0.01296035607116665
2551,0.012417138632514063
2552,0.013217335509186396
2553,0.011977645344172666
2554,0.012007002329752003
2555,0.01320518122842755
2556,0.008337870753224516
2557,0.010954629264645821
2558,0.01244675733859445
2559,0.012446235363011213
2560,0.011467576029981138
2561,0.012875084855513256
2562,0.013120650357260165
2563,0.013295585235550729
2564,0.013154330522940539
2565,0.013255252602593264
2566,0.013269640744830785
2567,0.013106959442564146
2568,0.012886525649534747
2569,0.012827142207604034
2570,0.013290804447840313
2571,0.01321596090881691
2572,0.013271903357266272
2573,0.013292161656647457
2574,0.013167016855789943
2575,0.01297997696066689
2576,0.012641450742936723
2577,0.011759662826527016
2578,0.012400735245021081
2579,0.010239158623159078
2580,0.009288315736906317
2581,0.013203501654857345
2582,0.011091939155785694
2583,0.013198974243930713
2584,0.012857688440708328
2585,0.013193521898854034
2586,0.013091705305670786
2587,0.013292404960577535
2588,0.013286962231852672
2589,0.013001727341417477
2590,0.01329796420067644
2591,0.013017857723121083
2592,0.012173572429133165
2593,0.01301563466336233
2594,0.013208793117461953
2595,0.013282866104751791
2596,0.01326896031286143
2597,0.013214865021209462
2598,0.013294980806049404
2599,0.013294571935532773
2600,0.003657504458254876
2601,0.004628207486037214
2602,0.01283471443020909
2603,0.013241664915695804
2604,0.013292496464172064
2605,0.009718094757507586
2606,0.01329162315335022
2607,0.01249439615995646
2608,0.01283593426999835
2609,0.013298073378006914
2610,0.013175483761099845
2611,0.012889841405206858
2612,0.01326188964945129
2613,0.013117607639091039
2614,0.01325950986083163
2615,0.013291249611941431
2616,0.013229774590436763
2617,0.013281396269847307
2618,0.013127798521657153
2619,0.012963527286262738
2620,0.013117685629123447
2621,0.013238760245710362
2622,0.013276608831956674
2623,0.013209027073269613
2624,0.002677453378640209
2625,0.003304265366659607
2626,0.007117735425148645
2627,0.011872646828699557
2628,0.011046754306394697
2629,0.01161962148029306
2630,0.013230379191484056
2631,0.01151472484290208
2632,0.013186376209263615
2633,0.013279758385511877
2634,0.013031869284928136
2635,0.013033535705458487
2636,0.013295036903163804
2637,0.013240630972803962
2638,0.013122189705929314
2639,0.01312430360965435
2640,0.013296955937399418
2641,0.012146417336210044
2642,0.012895277132938936
2643,0.01242785518261599
2644,0.013109731795304278
2645,0.013194217830967461
2646,0.012967430958878983
2647,0.011129746952003697
2648,0.004989601164069604
2649,0.0014202267897477539
2650,0.006599770769042395
2651,0.009994900345034153
2652,0.013254335496672919
2653,0.013288644974371351
2654,0.010387566875075792
2655,0.008940570199198802
2656,0.011806565774947795
2657,0.012464368845728263
2658,0.012249641709699886
2659,0.012618855781049302
2660,0.012513635814569218
2661,0.013296836558687885
2662,0.013210598278667792
2663,0.013040621421128983
2664,0.01327949040541381
2665,0.013010179847778995
2666,0.013242528705892492
2667,0.013189012247374945
2668,0.013089133863445014
2669,0.013297957185148805
2670,0.01319186038012587
2671,0.012746249421411797
2672,0.010436264971622195
2673,0.013179176701252309
2674,0.010629365507601359
2675,0.012660684180153125
2676,0.008814876398891402
2677,0.01068888986408854
2678,0.00949043890798343
2679,0.013079322298819243
2680,0.012394041245644185
2681,0.011670615857967614
2682,0.013072529453404173
2683,0.013297571911722829
2684,0.013296984535639236
2685,0.013016740060338977
2686,0.013013799541428277
2687,0.013130874555602237
2688,0.013131476205017787
2689,0.01263751711139672
2690,0.013235274563925765
2691,0.013016293890659192
2692,0.012926820932430748
2693,0.013123075021678345
2694,0.013292660712210387
2695,0.012717766119067182
2696,0.009470834158994674
2697,0.009635546024698377
2698,0.008845693760381811
2699,0.012120196945465471
2700,0.01329453982799876
2701,0.010482891551802374
2702,0.013252686423648062
2703,0.013296018271907958
2704,0.013049117886492871
2705,0.01329803157885544
2706,0.013288921455725732
2707,0.013261644538129077
2708,0.013258580267876062
2709,0.013280640664906035
2710,0.01329793856197797
2711,0.013282427589454181
2712,0.012803150535786975
2713,0.01324379714997536
2714,0.013017472788743302
2715,0.013087119108831537
2716,0.013244489028877251
2717,0.013292234456570096
2718,0.013298051188327432
2719,0.013268478881000972
2720,0.005599677033719065
2721,0.013255526199003664
2722,0.008637868500079554
2723,0.009316241753862219
2724,0.01244423435318885
2725,0.013273378994234525
2726,0.013154306984586417
2727,0.013019634731116633
2728,0.013258598666752852
2729,0.012815253834224959
2730,0.01250489081919368
2731,0.012644374139420446
2732,0.01329019481201543
2733,0.013103623338115223
2734,0.013206662378216976
2735,0.013280094201651441
2736,0.012647661258082995
2737,0.01302271694878718
2738,0.013295842877014557
2739,0.013160680388335186
2740,0.013104447391286482
2741,0.013201971444583325
2742,0.01327769385297294
2743,0.01275570130580009
2744,0.00018900589838850146
2745,0.0018424425959071165
2746,1.9991961795263884e-05
2747,0.008149841893262344
2748,0.0013877230905353847
2749,0.006178302622150627
2750,0.013263069737922208
2751,0.013297879415756633
2752,0.013269730286970705
2753,0.011362235371075825
2754,0.0132643477577591
2755,0.012775591721061208
2756,0.013294113947299232
2757,0.013217515626861154
2758,0.013294070047940199
2759,0.013241296184531754
2760,0.013286146199814308
2761,0.012567183717169755
2762,0.012893630536561125
2763,0.013176574959673403
2764,0.013295091346260128
2765,0.013280909438676767
2766,0.012984655843619861
2767,0.011418817462897373
2768,1.905078087854196e-05
2769,0.0004857679862497438
2770,5.170689349849774e-07
2771,0.0009505199021396138
2772,0.00047538549372576274
2773,0.007344386352924664
2774,0.0018531059174828625
2775,0.012337162161861296
2776,0.011024743213018322
2777,0.009521080395113997
2778,0.009070328316575707
2779,0.012524327943542276
2780,0.013034687871695625
2781,0.013198090667012007
2782,0.012846032136758155
2783,0.011903005245825559
2784,0.011297157750933049
2785,0.012986234692064396
2786,0.013296037540677454
2787,0.013170135437879399
2788,0.012931625436717128
2789,0.013053797609197247
2790,0.013276490007735347
2791,0.010855399435692645
2792,0.00016639725343787167
2793,0.01320031185729353
2794,0.000329904531113341
2795,0.010474142726478532
2796,0.013296507149385326
2797,0.012464379718437009
2798,0.007835860519794362
2799,0.006287743352880045
2800,0.011617185852011543
2801,0.013172884273163793
2802,0.01092155734351105
2803,0.013286548896037554
2804,0.013296864142093096
2805,0.01329080129593606
2806,0.013203064822315933
2807,0.013031234664846335
2808,0.013236872950912257
2809,0.012878826354570078
2810,0.013024706700859692
2811,0.0130652658912715
2812,0.012804322014753924
2813,0.012543340563796218
2814,0.013230436092140287
2815,0.0027955893046706435
2816,0.013019739397136411
2817,0.01170370171015251
2818,0.005599762083064285
2819,0.011218480494561754
2820,0.0028156810556218426
2821,0.0013386241222331859
2822,0.01174201206907711
2823,0.007595776360408848
2824,0.01118708758759714
2825,0.01251233449181502
2826,0.013032571968131
2827,0.012519832896764517
2828,0.013147963154577337
2829,0.013078337760402677
2830,0.013287539687242516
2831,0.012976436046661146
2832,0.011534577023702268
2833,0.012717384213595589
2834,0.013286741958488453
2835,0.013294497882650446
2836,0.013157167925016056
2837,0.013283377110247201
2838,0.013019906912989015
2839,0.0010770852976078641
2840,0.006814521057820814
2841,0.00738512250379381
2842,9.917847457835822e-05
2843,0.011322086160674257
2844,0.0036193569028366477
2845,0.009709750080337597
2846,0.006377211274190218
2847,0.013210886053854138
2848,0.012139667713062444
2849,0.012042665279742567
2850,0.013144088466665068
2851,0.012704078898709345
2852,0.013238626811438971
2853,0.013297798543207933
2854,0.01328445714498878
2855,0.013229587464958713
2856,0.013248361909366879
2857,0.013268116986234956
2858,0.013103206215384487
2859,0.013088783307901619
2860,0.013112442014594484
2861,0.012585116884217233
2862,0.012304553550246023
2863,0.011143881767746026
2864,0.009445648176102843
2865,0.010043907021601942
2866,0.012399842650730837
2867,0.008567600857966628
2868,0.011610632485717797
2869,0.011924967934645843
2870,0.0119866351415898
2871,0.012409567961780478
2872,0.013213610679741859
2873,0.013284271085711803
2874,0.012749651942231332
2875,0.012215116067754985
2876,0.012726714549151254
2877,0.01329372735466953
2878,0.013291333239684407
2879,0.013277184087481386
2880,0.013131979535752345
2881,0.013253321293179838
2882,0.013292472429733238
2883,0.01329603025639412
2884,0.013298025537275899
2885,0.013297397477191364
2886,0.0132602128558785
2887,0.01249042243213167
2888,0.0073919894380063125
2889,0.011197646085833703
2890,0.0057910470366117585
2891,0.005125856475055615
2892,0.007546376929080459
2893,0.010521981469482751
2894,0.009253128201501658
2895,0.010135934463106311
2896,0.011403850281906502
2897,0.013203975775716324
2898,0.013152176550379166
2899,0.013247613205060632
2900,0.01324485747282847
2901,0.01328692969514088
2902,0.013272593380409823
2903,0.012547678993674248
2904,0.013217903809471574
2905,0.013247963109437584
2906,0.013291466726600394
2907,0.013297795682000603
2908,0.013280149482503235
2909,0.012968953099836034
2910,0.013288614356280211
2911,0.01242709642622964
2912,0.011019818589128361
2913,0.01170415217493399
2914,0.012755340619909525
2915,0.013068636950068137
2916,0.012852699197334084
2917,0.013038854712692326
2918,0.013259073741421056
2919,0.0030055022482472727
2920,0.012537273386265571
2921,0.012685124597349263
2922,0.009368502074675654
2923,0.013196768216637431
2924,0.013221877134652237
2925,0.013025699928513833
2926,0.013247704773189777
2927,0.013297593095865833
2928,0.013138103511531636
2929,0.01327251255938363
2930,0.013296736876881442
2931,0.012796083963262463
2932,0.012907588028147243
2933,0.012956492516949651
2934,0.013154514080761097
2935,0.013297367307332296
2936,0.009845687069902825
2937,0.013185238954607912
2938,0.01314345041152415
2939,0.009829881209162549
2940,0.004869764444202913
2941,0.013294160249428626
2942,0.012360184968506098
2943,0.013084633110561761
2944,0.012488900904059677
2945,0.01225364049690084
2946,0.013280942522866228
2947,0.012833484225539345
2948,0.012784866430669986
2949,0.013294453554210725
2950,0.013251792124483337
2951,0.013258881439300079
2952,0.013272650349705505
2953,0.013264739839019685
2954,0.013194847007198104
2955,0.013083239248698317
2956,0.013184152832019489
2957,0.013220378593339212
2958,0.013290004667168393
2959,0.013294545550795584
2960,0.013291755505147659
2961,0.012553021858162922
2962,0.011757946289384019
2963,0.004307736605381282
2964,0.01328971939603198
2965,0.007665603387228871
2966,0.011120523310144566
2967,0.013201785562139844
2968,0.01212617244454857
2969,0.011062161301089989
2970,0.012434724043068607
2971,0.013250543477747807
2972,0.013091944306806899
2973,0.013091754654349972
2974,0.013239804037237802
2975,0.01327871364295068
2976,0.013296987289993458
2977,0.013221596852267748
2978,0.012973069920293045
2979,0.012876952413373477
2980,0.012990029445901047
2981,0.01329392881909628
2982,0.01224301834776303
2983,0.012174062436370628
2984,0.008318215893666357
2985,0.012462604223944912
2986,0.012175116518148328
2987,0.011029708091994326
2988,0.012256783372767423
2989,0.0131872002984981
2990,0.013144103527810888
2991,0.012636874594093019
2992,0.013165164905257942
2993,0.013213789906814937
2994,0.013218710589320053
2995,0.013286553321628642
2996,0.012401779433642755
2997,0.013283228905820262
2998,0.013229552614928112
2999,0.013272043940999567
3000,0.012994478790666357
3001,0.013134303237172924
3002,0.013288545571363409
3003,0.013151109401253403
3004,0.012864673603109434
3005,0.012358007010123396
3006,0.013103958207273768
3007,0.013247438719936529
3008,0.01195250394675205
3009,0.013152859804449326
3010,0.011862723164426292
3011,0.0045896617031524565
3012,0.009894290869733662
3013,0.012492273328957658
3014,0.008178627444790325
3015,0.013292976486647266
3016,0.01325817447691807
3017,0.01287467512470746
3018,0.013297701093639896
3019,0.01298104469543303
3020,0.013272180741253454
3021,0.013278455657745518
3022,0.013277633902710076
3023,0.013297970547367872
3024,0.012558512336815946
3025,0.013088263911743399
3026,0.013054727870512973
3027,0.0130834063363659
3028,0.013288760488430564
3029,0.013296876034132217
3030,0.01329691725606338
3031,0.013296588098839133
3032,0.004504919812302368
3033,0.013266761018774387
3034,0.012055626510372513
3035,0.012179997977126452
3036,0.010744987203317985
3037,0.013011309931152489
3038,0.012182358722768134
3039,0.013273429615788762
3040,0.011175234155165114
3041,0.013209501749284825
3042,0.013293218177626954
3043,0.013294472490127792
3044,0.01284810209182053
3045,0.01317050072630029
3046,0.013158034890011753
3047,0.013277348495219608
3048,0.013296035826896474
3049,0.013174616356892476
3050,0.012944527769474258
3051,0.013129222832343487
3052,0.012996850674540894
3053,0.013219255439019577
3054,0.013297704453854288
3055,0.013166542626450367
3056,0.011227167133380546
3057,0.013280926345644027
3058,0.012939799866711723
3059,0.011547025711898633
3060,0.00906078994670246
3061,0.0132980731157605
3062,0.010472277758673881
3063,0.010977996381161693
3064,0.01154186178514825
3065,0.013279907425636147
3066,0.012846393541755074
3067,0.013261020812880185
3068,0.012893513803786087
3069,0.01305580491300095
3070,0.013217278850087595
3071,0.013089072578701722
3072,0.008398021647189993
3073,0.01199007103995602
3074,0.012173499349842914
3075,0.013297286464424407
3076,0.012336330745811022
3077,0.009407742438867429
3078,0.01044628778808134
3079,0.01313929898220372
3080,0.0044297681174087925
3081,0.013265924674338066
3082,0.01177165436378664
3083,0.003408230380865446
3084,0.00537694387674257
3085,0.008556929511203681
3086,0.012328319694520813
3087,0.012997998041431903
3088,0.013228666473891865
3089,0.013159221490743275
3090,0.012555594886089294
3091,0.013151541575394336
3092,0.012705024361695155
3093,0.012322415579134981
3094,0.011895140851543536
3095,0.013206227770080143
3096,0.011273029133261883
3097,0.012354449508320745
3098,0.013295944653403556
3099,0.013125846832635379
3100,0.01309161170524194
3101,0.01317914350458159
3102,0.012925623314976927
3103,0.013291986462522097
3104,0.00856200663429512
3105,0.006236247708384118
3106,0.008016979999897174
3107,0.011140999877238485
3108,0.012218018856082804
3109,0.006264475518969325
3110,0.007528143888407569
3111,0.012997653818300139
3112,0.01321526484304105
3113,0.012009579424655083
3114,0.013238652803522162
3115,0.013286846905624665
3116,0.013288525184187546
3117,0.013291548571154511
3118,0.012832463698447689
3119,0.013118533723229905
3120,0.0132970179608279
3121,0.013284988231421787
3122,0.013134078480924521
3123,0.01276013498948717
3124,0.012954563405144504
3125,0.013153529121045737
3126,0.013113636521500393
3127,0.013211948517934011
3128,0.0032385547752154897
3129,9.592066299193139e-05
3130,0.007719720619252314
3131,0.013294984710489722
3132,0.0016939287520623132
3133,0.007120540943386118
3134,0.00965403495022245
3135,0.005362613656055928
3136,0.012888788855901497
3137,0.009958756149941612
3138,0.012310554319485013
3139,0.012991563128864982
3140,0.012079188924450758
3141,0.013285207018415023
3142,0.013296542948119824
3143,0.013144411500896404
3144,0.013296962250039445
3145,0.013277406536331894
3146,0.013297592713964699
3147,0.013210105525932547
3148,0.013087201871085197
3149,0.013183563131175911
3150,0.01328188634930873
3151,0.011965705879544892
3152,0.008754424188587576
3153,0.01287061449755157
3154,0.01027644333322097
3155,0.0070828857658122935
3156,0.006013229556923256
3157,0.011944109165384688
3158,0.010304213263326957
3159,0.011217961111061594
3160,0.010170011526584876
3161,0.013275840202004768
3162,0.01326641220983122
3163,0.013109454491293807
3164,0.012940147940943319
3165,0.012791280010546004
3166,0.0132592760763523
3167,0.01329411966058517
3168,0.012957190922771615
3169,0.013296840222629724
3170,0.012849374424309695
3171,0.01286324468101469
3172,0.013256162888574145
3173,0.013297820120448703
3174,0.013256234045189719
3175,0.012378613179627074
3176,0.0067707281402686476
3177,0.011078581304202842
3178,0.008104814083161315
3179,0.009785329217563412
3180,0.011413741337669066
3181,0.013198774483488223
3182,0.012462618955165424
3183,0.011780143085399137
3184,0.012914494076179827
3185,0.013231296783603455
3186,0.013177580489891712
3187,0.012502904565811438
3188,0.013288402576347145
3189,0.013287827059358794
3190,0.013267746704140975
3191,0.013281093060779505
3192,0.012997021155466184
3193,0.013073122573685826
3194,0.013295825531967426
3195,0.013274455639290762
3196,0.01322190902571358
3197,0.013169163939015753
3198,0.012844262473790587
3199,0.013298031048586378
3200,0.008703982523838099
3201,0.01201785265667134
3202,0.012194066456641514
3203,0.012571952275556325
3204,0.004597894578898218
3205,0.013032998392301638
3206,0.01046368851907311
3207,0.013087610384223274
3208,0.01302041739266147
3209,0.013065854435606122
3210,0.013156509480669534
3211,0.012767806355181653
3212,0.013161579168665135
3213,0.01323238939619063
3214,0.013292063329748449
3215,0.013274536268710748
3216,0.013297796439239892
3217,0.013281215970927079
3218,0.013025689031638072
3219,0.01310809932163034
3220,0.013088678076784325
3221,0.013179236892340006
3222,0.013267750499823792
3223,0.013274598179749221
3224,0.010604206991757176
3225,0.01329409141700957
3226,0.012541233958854257
3227,0.013279861375338438
3228,0.01325877468375173
3229,0.013193752596827365
3230,0.00830409556934673
3231,0.00851702233283468
3232,0.01320683055034284
3233,0.013262923101190456
3234,0.013298002142896798
3235,0.013170488837888666
3236,0.013283967428269669
3237,0.013182290110766454
3238,0.013257943604260925
3239,0.013277960419681776
3240,0.013273244552453139
3241,0.013296678422991155
3242,0.013142970681373873
3243,0.013200600124945078
3244,0.013231378945593732
3245,0.013225470674036783
3246,0.01309569814648464
3247,0.013214272087765154
3248,0.01326691299036856
3249,0.007842834705099756
3250,0.011055526312553375
3251,0.012089848174202812
3252,0.009026089616968914
3253,0.00905685879662092
3254,0.013173225232147168
3255,0.012776297653107345
3256,0.012399553245430435
3257,0.013296127368980327
3258,0.012701833693284842
3259,0.012620944530789316
3260,0.013086669037210041
3261,0.013287703510239269
3262,0.013295818947176389
3263,0.013257700949888753
3264,0.013194060832169879
3265,0.013253133600831078
3266,0.013280782156770619
3267,0.01329388678157268
3268,0.013181058690260776
3269,0.013267680410903376
3270,0.013256237835777108
3271,0.01312863775764489
3272,0.013021670187753454
3273,0.01171392810512025
3274,0.0023507037717395065
3275,0.013182773566786658
3276,0.006727569118372464
3277,0.007454078349016512
3278,0.013180165171853565
3279,0.013091458050043463
3280,0.012659354345122692
3281,0.013132643141189261
3282,0.013245368091752417
3283,0.013288314332545398
3284,0.013285266955800333
3285,0.01314468520668157
3286,0.013116256193092523
3287,0.01328613436395185
3288,0.013033274707566468
3289,0.012879699566200442
3290,0.013261100272426178
3291,0.01302974048846797
3292,0.01290269320596529
3293,0.01284441815812101
3294,0.01285128789717805
3295,0.01306914226409893
3296,0.012912201309744192
3297,0.013280278400659738
3298,0.009205431859296304
3299,0.012513736131521172
3300,0.013246757746250531
3301,0.011779241249336287
3302,0.01300507030468682
3303,0.013269045642656555
3304,0.013049238618469901
3305,0.012086333221765496
3306,0.01195416391102195
3307,0.013185010837702453
3308,0.013297035935451227
3309,0.013248175151970293
3310,0.013297106854985152
3311,0.013285233541607657
3312,0.013113521338572522
3313,0.013267078173418868
3314,0.013146303544850217
3315,0.012894620709802674
3316,0.013005938537741431
3317,0.012681157053370163
3318,0.013295695418740733
3319,0.012790646528648636
3320,0.011989487085068863
3321,0.012779636951879808
3322,0.003041569176831853
3323,0.012242960136301197
3324,0.013262209863441583
3325,0.0026970260989585344
3326,0.012426668058072372
3327,0.013156795464405962
3328,0.01263560534109832
3329,0.013279992516408363
3330,0.012907178490246083
3331,0.013027635054409086
3332,0.012981742403996183
3333,0.01324693736590494
3334,0.013285996804245137
3335,0.01329163545338571
3336,0.01325374198257938
3337,0.01281007472417568
3338,0.013260593049086269
3339,0.013288681394669636
3340,0.013242258214927955
3341,0.013215618798512328
3342,0.01299775731399126
3343,0.01311813409302814
3344,0.012829407872449485
3345,0.009398515832780379
3346,0.01147886128423481
3347,0.008168232604836189
3348,0.008915582363236479
3349,0.009304518868887895
3350,0.013281378891898808
3351,0.012358129867330859
3352,0.011847779321474574
3353,0.013281769146608637
3354,0.013060282620988134
3355,0.012555873198469744
3356,0.01326526794521189
3357,0.013243132643759276
3358,0.013126902788528589
3359,0.011940179759427148
3360,0.012841576966108612
3361,0.013070910963648204
3362,0.013196423210347398
3363,0.01305756558043242
3364,0.013082828262553494
3365,0.012569505659021795
3366,0.013237359008880241
3367,0.012393207459543453
3368,0.011477145173694327
3369,0.0132800696499074
3370,0.00482289866994641
3371,0.012943435457660283
3372,0.012062314151784246
3373,0.012725565210002097
3374,0.013070199033834117
3375,0.013172216824285158
3376,0.012691556896649688
3377,0.012755822498887728
3378,0.01309579657514611
3379,0.01329693779704908
3380,0.012676181765276521
3381,0.013290549884832392
3382,0.013255641140491162
3383,0.013276526963202674
3384,0.012965212922204653
3385,0.01328827978314422
3386,0.013114069760191062
3387,0.013151133144642169
3388,0.01327067858669235
3389,0.01328298858482551
3390,0.013176900056076605
3391,0.013296554329651605
3392,0.006618679037981804
3393,0.004645783410050381
3394,1.4673984346448695e-05
3395,0.013009283339407924
3396,0.012892470528081651
3397,0.0045991940322771515
3398,0.010536004820083293
3399,0.012473416726088088
3400,0.006607108299755898
3401,0.01276194968385934
3402,0.01316801149214819
3403,0.013159125014641452
3404,0.013291389082160376
3405,0.013161365005714375
3406,0.013236085381572369
3407,0.01324839933124378
3408,0.01328047931573789
3409,0.013015614816724306
3410,0.013131648142803345
3411,0.013105695227553725
3412,0.012721375975820416
3413,0.013080863503218168
3414,0.013254821397036815
3415,0.013294742444105539
3416,0.013197963048187275
3417,0.008521528230901236
3418,0.00040247821137289017
3419,0.011351795834829887
3420,0.013205788010648216
3421,0.009692881393649676
3422,0.009503606493496053
3423,0.00832261772808958
3424,0.01319666360455342
3425,0.011688877489550534
3426,0.012831384764450896
3427,0.013182811710467944
3428,0.012991128207434892
3429,0.013099359105521118
3430,0.013276883001579315
3431,0.013240886605828926
3432,0.013200615013113733
3433,0.013280521355795574
3434,0.013286769062887834
3435,0.013222261275145092
3436,0.013290437747224278
3437,0.013271925769039898
3438,0.013283566911847594
3439,0.011451460597414292
3440,0.006306904230744108
3441,0.002217623440678818
3442,0.013260684465710796
3443,0.012109691528024854
3444,0.007182845361421276
3445,0.01075192466901567
3446,0.011070359136455151
3447,0.013171370463800377
3448,0.013192000912152533
3449,0.012938845563743074
3450,0.013206427378403312
3451,0.013291424188042519
3452,0.01329273493051162
3453,0.012126881968693838
3454,0.013276148797097282
3455,0.01329528776554517
3456,0.013240320470337918
3457,0.012786482889451277
3458,0.013294806696876688
3459,0.013216465453367259
3460,0.013283003020364793
3461,0.01326759540782588
3462,0.013154847894443818
3463,0.013297136049028156
3464,0.012023603889859909
3465,0.009490001943080122
3466,0.0010710169821679548
3467,0.008037394659089458
3468,0.009256320977813612
3469,0.013297477081949814
3470,0.013135184993901587
3471,0.010419510838467963
3472,0.012248089802962788
3473,0.013195091545637494
3474,0.010070659423050519
3475,0.013178410514266025
3476,0.013286282309748843
3477,0.013297758345295322
3478,0.01329487297833898
3479,0.012995573949157506
3480,0.013288306350827294
3481,0.01318692484577899
3482,0.013291603893255205
3483,0.013245738110601294
3484,0.013054902316683404
3485,0.013006410116150165
3486,0.013165011065428044
3487,0.0093302295654279
3488,0.01100326329583748
3489,0.004899599105316313
3490,0.005588854073002958
3491,0.012846992226313988
3492,0.00139435581915122
3493,0.013239006098442087
3494,0.006205871651486955
3495,0.007168183442207967
3496,0.00749054894815096
3497,0.010379580447607232
3498,0.012019013645988095
3499,0.012422242572344292
3500,0.01130396073941599
3501,0.012708843774239186
3502,0.013083792672767693
3503,0.013142264126722066
3504,0.012925063301128444
3505,0.013285488507698158
3506,0.013178708944874575
3507,0.013280853599593606
3508,0.013174164857889846
3509,0.013198611727442312
3510,0.013296842968441198
3511,0.013262799139736712
3512,0.001456521096165486
3513,0.004553535072583729
3514,9.801043303588139e-06
3515,0.007304274282525751
3516,0.004005847889794054
3517,0.007294063333492083
3518,0.012394430444186725
3519,0.012368272838522005
3520,0.011865983700874334
3521,0.012911104732774905
3522,0.013296454640033864
3523,0.012974799508038514
3524,0.013236377395136474
3525,0.013295207158534371
3526,0.01328622158062508
3527,0.013293214484682559
3528,0.013274428108605008
3529,0.012693174959574104
3530,0.01324246433690177
3531,0.013207829082062465
3532,0.013297955952336809
3533,0.01320452611511295
3534,0.013246137602102227
3535,0.013241357096580442
3536,0.01092572393879974
3537,0.012560430103270886
3538,0.0035171124441927553
3539,0.011251812694601074
3540,0.0061381908813008
3541,0.012489343807735058
3542,0.00916700803896261
3543,0.013147335271753035
3544,0.00797916591144783
3545,0.012889684074837478
3546,0.012877723615491185
3547,0.013253943771798901
3548,0.01324340927004135
3549,0.013230424230611527
3550,0.01327896497436686
3551,0.013159273964422387
3552,0.013263147399777813
3553,0.013058366986663596
3554,0.013297802734748173
3555,0.013097462749077339
3556,0.013101111611547003
3557,0.013262857213636129
3558,0.013227673442990234
3559,0.012260822505372622
3560,0.007878769290633227
3561,0.006913305714507608
3562,0.005194327743518262
3563,0.013171985949087046
3564,0.013205191275741395
3565,0.012883078616562255
3566,0.002697996107224614
3567,0.010680394456954014
3568,0.012959437594725686
3569,0.012833524218381452
3570,0.01326410561202901
3571,0.013222716317157789
3572,0.012800721422294397
3573,0.013148090198081875
3574,0.013297863555258247
3575,0.012860307376318148
3576,0.012892196012659292
3577,0.01320083199419414
3578,0.012906009556013304
3579,0.013210692499466449
3580,0.012843330400324133
3581,0.012719965914113845
3582,0.011602988359665197
3583,0.013111348021878775
3584,0.0008425496150956186
3585,0.000478575403802909
3586,0.005799079402187831
3587,0.0013144395742353415
3588,0.005441115742557855
3589,0.0023207202932235046
3590,0.013165447396389933
3591,0.01315066594859692
3592,0.012187008895702976
3593,0.01329595851764325
3594,0.013246637523068237
3595,0.013278330768366648
3596,0.01326621112393596
3597,0.013092597929631787
3598,0.013297591551800794
3599,0.012780960932737664
